#NAME,1-MS515F,2-MS515F,3-MS515F,38-MS515F,4-MS515F,40-MS515F,41-MS515F,42-MS515F,44-MS515F,46-MS515F,47-MS515F,48-MS515F,5-MS515F,50-MS515F,52-MS515F,53-MS515F,54-MS515F,56-MS515F,58-MS515F,59-MS515F,60-MS515F,62-MS515F,64-MS515F,65-MS515F,66-MS515F
#CLASS,CN,CN,CN,FOS,CN,T1,T2,T3,FOS,T1,T2,T3,CN,FOS,T1,T2,T3,FOS,T1,T2,T3,FOS,T1,T2,T3
Archaea ; Euryarchaeota ; Methanobacteria ; Methanobacteriales ; Methanobacteriaceae ; Methanobrevibacter ; Methanobrevibacter smithii,0.0,0.0,0.10720017917484002,0.0,0.1875082130860838,0.0,0.0,0.0,0.0,0.0,0.0,0.0,0.0,0.09417613283680572,0.02325651452568099,0.4226948317107591,0.16049625924201139,0.038304696534319935,0.0,0.6265742999057807,0.0556185803392628,0.0,0.0,0.0,0.0
Bacteria ; Actinobacteria ; Actinobacteria ; Actinomycetales ; Actinomycetaceae ; Actinobaculum ; Actinobaculum sp,0.0,0.00830924358122251,0.0,0.0,0.0,0.0,0.0,0.0,0.0,0.0,0.0,0.0,0.0,0.0,0.0,0.0,0.0,0.0,0.0,0.0,0.0,0.0,0.0,0.0,0.0
Bacteria ; Actinobacteria ; Actinobacteria ; Actinomycetales ; Actinomycetaceae ; Actinomyces ; Actinomyces sp,0.03932557218860733,0.036929971472203116,0.08933348264574097,0.0,0.07917013441401363,0.0,0.006241133117996028,0.0,0.0028886116179166524,0.0,0.0,0.0,0.07503469613971683,0.004185605903847265,0.005814128631425301,0.02475240005509407,0.0,0.0028373849284665273,0.0,0.02189641370633828,0.0,0.0,0.0,0.02852694988499264,0.0
Bacteria ; Actinobacteria ; Actinobacteria ; Actinomycetales ; Actinomycetaceae ; Varibaculum ; Varibaculum cambriense,0.050394325916811596,0.0,0.0,0.012168464525783252,0.0,0.03526462664680391,0.01970884142530334,0.0,0.0,0.0,0.0,0.0,0.0,0.0,0.0,0.0,0.0,0.0,0.0,0.0,0.0,0.0,0.0,0.0,0.0
Bacteria ; Actinobacteria ; Actinobacteria ; Bifidobacteriales ; Bifidobacteriaceae ; Bifidobacterium ; Bifidobacterium adolescentis,1.5309150322198288,1.915326926601927,0.8326418617515337,31.13187471812588,3.3275879117471585,2.339643288882323,3.661250841975578,10.447203811633655,43.18660012193605,3.4546650656165396,5.819320008582274,18.78216390307753,1.2615087731446577,9.501540599997178,1.9609606078215405,3.1071432776353367,15.823002168544516,49.41207383273221,2.1524718870832658,3.731959456892211,5.414674432544896,36.674711920049376,3.2811832644705854,10.462937210374534,8.081389618749622
Bacteria ; Actinobacteria ; Actinobacteria ; Bifidobacteriales ; Bifidobacteriaceae ; Bifidobacterium ; Bifidobacterium bifidum,0.0,0.2939732386138158,0.1437444382953493,0.0020866500540660847,0.21661598623690498,0.0,0.0,0.0,2.4558412852573346,0.5037827765918967,0.9083440708683556,0.7463921860299192,0.1381505235784445,2.8173509775186862,0.23298493793671177,0.5712092320415779,0.5105515911638436,0.8373870682403823,0.2667163614595638,0.3958501894705278,0.20315132338884997,4.321752167099982,0.2318690846692762,0.6127630029442979,0.2317164153064652
Bacteria ; Actinobacteria ; Actinobacteria ; Bifidobacteriales ; Bifidobacteriaceae ; Bifidobacterium ; Bifidobacterium dentium,0.005129422459380857,0.009694117511441721,0.015314311310744073,0.0043350154873102835,0.014063115981474065,0.005583565885756959,0.0015602832795031808,0.0698654391710635,0.1917315961392123,0.0238951762185219,0.023588560090419423,0.12871634896804118,0.0393932154732852,0.1428338014688,0.15116734441692645,2.0220806814328967,24.226794030959425,0.03830469653442905,0.07915760584767391,0.0821115513988855,2.044800747762794,0.6493161872464747,0.3503331079262379,5.059967735851079,26.398048024300184
Bacteria ; Actinobacteria ; Actinobacteria ; Bifidobacteriales ; Bifidobacteriaceae ; Bifidobacterium ; Bifidobacterium pseudocatenulatum,0.010038008726748343,0.03794175151249206,0.02996929806403035,0.1176364280962997,0.04036380320831287,0.010926743416342671,0.019541708392896814,0.06764189187434828,0.2560745719987245,0.05237298897195601,0.06154875431275305,0.2865261192783483,0.07048268913319782,0.24450163645845807,0.013653531032630097,0.07042305600512337,0.32227616081956767,0.10994172521271689,0.020654300286373526,0.011866188370164822,0.07298858246436958,0.5589372416167946,0.16911056742669336,0.36007598191369317,0.22888482962687837
Bacteria ; Actinobacteria ; Actinobacteria ; Bifidobacteriales ; Bifidobacteriaceae ; Bifidobacterium ; Bifidobacterium sp,0.0,0.0,0.0,0.008678709684300064,0.0018769590899436698,0.0,0.0,0.0022084855119657997,0.0117105876401829,0.0,0.0,0.0,0.0,0.0,0.0,0.0,0.0,0.010224810553058742,0.0,0.0,0.001964973691549572,0.0,0.0,0.0,0.0
Bacteria ; Actinobacteria ; Actinobacteria ; Micrococcales ; Microbacteriaceae ; Curtobacterium ; Curtobacterium sp,0.0,0.0,0.0,0.0,0.0,0.0,0.0,0.0,0.0,0.0,0.0,0.0,0.0,0.0,0.0,0.0,0.0,0.0,0.0,0.0,0.0,0.0,0.009624535932039503,0.0,0.0
Bacteria ; Actinobacteria ; Actinobacteria ; Micrococcales ; Micrococcaceae ; Rothia ; Rothia sp,0.003288091320123917,0.0035509587954041457,0.0,0.0,0.010016464374249015,0.0,0.0,0.0,0.0,0.0,0.005040290617606131,0.0,0.026454540305584594,0.0,0.0,0.005492396461937319,0.0014910466298983607,0.0,0.0,0.008097786134010071,0.002097231536173101,0.003951534732508436,0.018714375423397534,0.022858132920721547,0.0
Bacteria ; Actinobacteria ; Actinobacteria ; Propionibacteriales ; Propionibacteriaceae ; Propionibacterium ; Propionibacterium sp,0.0025647112296842017,0.0055394957208304675,0.10720017917484002,0.002890010324881527,0.02187595819336459,0.0,0.009361699676994042,0.0,0.0043329174268749784,0.0,0.01179428004517562,0.0,0.0,0.10359374612029248,0.011628257262840495,0.25418810825979116,0.06978098227903651,0.0042560773926997916,0.0,0.030318111285771124,0.003271681196430038,0.0,0.0,0.0,0.0
Bacteria ; Actinobacteria ; Actinobacteria ; Unclassified ; Unclassified ; Unclassified ; Unclassified,0.144084900544616,0.5352771145954337,0.0,0.40265312391586217,0.0035113897581530453,0.20703109464016348,0.17180647347282121,0.1570009869012663,0.6864509631333131,1.0524616941162175,0.32688266792022325,0.298289291851598,0.008430864734799644,0.0,0.0,0.0,0.0,0.0,0.0,0.005677548929902166,0.0,0.0,0.0,0.0,0.0
Bacteria ; Actinobacteria ; Coriobacteriia ; Coriobacteriales ; Atopobiaceae ; Atopobium ; Atopobium rimae,0.0,0.001846498573610156,0.0,0.0,0.012500547539072251,0.0,0.0,0.0,0.0,0.0,0.0,0.0,0.007503469613971684,0.0,0.0,0.0,0.0,0.0,0.0,0.0,0.0,0.0,0.0,0.0,0.0
Bacteria ; Actinobacteria ; Coriobacteriia ; Coriobacteriales ; Atopobiaceae ; Olsenella ; Olsenella sp,0.04914416727550521,0.003317063305886508,0.009170246293844017,0.01384436083772706,0.04116946794300974,0.0601821472714917,0.07474410919745728,0.15853487615249306,0.005189122666916142,0.04578716401146412,0.009416590854449779,0.0,0.10334119827609829,0.1052667353065705,0.01044454245166222,0.013681658252509445,0.09192704252345496,0.020388394695620128,0.0,0.03630911531230075,0.03918181073568907,0.08859009603904905,0.9510040454672525,0.051246017757471826,0.008540977650035081
Bacteria ; Actinobacteria ; Coriobacteriia ; Coriobacteriales ; Coriobacteriaceae ; Collinsella ; Collinsella aerofaciens,0.918166620230481,0.7123791496979539,0.2036803404324663,8.746327247190983,0.8037852067622557,4.792932956325157,1.7487654996601534,5.855459228211108,4.873665521742348,2.141007789173562,1.0819286228147527,7.887094283027838,0.1470680044335275,2.8353294392684427,0.7918843195999078,0.09139347712666852,3.125257593004424,2.2472088633479337,0.182942022404037,0.31328714995265644,1.257634251902674,0.21452091755867736,1.4760701613950957,0.1226658845049256,0.05990641723729694
Bacteria ; Actinobacteria ; Coriobacteriia ; Coriobacteriales ; Coriobacteriaceae ; Collinsella ; Collinsella sp,0.0,0.0,0.03909058442669512,0.0,0.0,0.0,0.0,0.0,0.0,0.0,0.0,0.0,0.0,0.49774772910767445,0.06460142923807104,0.06861372156663896,0.13411359957512672,0.0,0.0,0.0,0.0,0.0,0.0,0.0,0.0
Bacteria ; Actinobacteria ; Coriobacteriia ; Coriobacteriales ; Coriobacteriaceae ; Senegalimassilia ; Senegalimassilia anaerobia,0.3683156728350781,0.0,0.0,0.49543034140688946,0.0,0.6255273059986881,0.43641006012983385,0.7381904336633732,0.0,0.0,0.0,0.0,0.0,0.0,0.0,0.0,0.0,0.0,0.0,0.0,0.0,0.0,0.0,0.0,0.0
Bacteria ; Actinobacteria ; Coriobacteriia ; Coriobacteriales ; Unclassified ; Unclassified ; Unclassified,0.045138917642601355,0.0,0.13476593953425306,0.011560041299487685,0.767533618897794,0.04913537979452076,0.037446798707876004,0.017650216211630668,0.0,0.0,0.0,0.0,0.0,0.047715907304033245,0.08837475519764841,0.1736476065407742,0.009304130970549229,0.06639480732621275,0.09850724283263466,0.36785975026685735,0.034025484442910654,0.0,0.0,0.0,0.0
Bacteria ; Actinobacteria ; Coriobacteriia ; Eggerthellales ; Eggerthellaceae ; Adlercreutzia ; Adlercreutzia equolifaciens,0.006155306951262009,0.07312134351475809,0.006125724524287804,0.0,0.05500240917186102,0.03126796896019215,0.004992906494390145,0.008825108105815334,0.0675935118591883,0.1032271612636896,0.14467650188751185,0.07401190065675445,0.024011102764709386,0.0050227270846167175,0.002325651452566887,0.0,0.0,0.04426320488420002,0.028144926523643584,0.10308157837162182,0.04449486427141024,0.01808222293598422,0.16815989180435814,0.037085034850558286,0.005705373070223434
Bacteria ; Actinobacteria ; Coriobacteriia ; Eggerthellales ; Eggerthellaceae ; Eggerthella ; Eggerthella lenta,0.0,0.0,0.012761926092258067,0.0,0.0,0.0,0.0,0.012257094591410188,0.005777223235818694,0.05097637593276339,0.0,0.016089543620985337,0.0,0.23857953652016628,0.19380428771390726,0.045696738563286966,0.48691618745916754,0.0,0.0,0.0,0.00436224159524005,0.004109596121808774,0.02724813061651796,0.0,0.01901791023407811
Bacteria ; Actinobacteria ; Coriobacteriia ; Eggerthellales ; Eggerthellaceae ; Enterorhabdus ; Enterorhabdus mucosicola,0.0,0.0,0.0,0.0,0.0,0.0,0.0,0.0,0.0,0.0,0.0,0.0,0.027120974508225128,0.0,0.0,0.0,0.0,0.0,0.0,0.0,0.0,0.01650440209563042,0.05627841091184544,0.017184909569252237,0.011456572430167535
Bacteria ; Actinobacteria ; Coriobacteriia ; Eggerthellales ; Eggerthellaceae ; Gordonibacter ; Gordonibacter pamelaeae,0.0,0.0,0.02041908174765877,0.0,0.0,0.0,0.006241133117996028,0.0,0.0,0.0,0.0,0.0,0.0,0.06906249741352832,0.07945975796271813,0.045696738563286966,0.15196747251891007,0.0,0.0,0.005053018547628521,0.02181120797620025,0.0,0.0,0.0,0.0
Bacteria ; Actinobacteria ; Coriobacteriia ; Eggerthellales ; Eggerthellaceae ; Slackia ; Slackia isoflavoniconvertens,0.0,0.0,0.07657155655359754,0.0,0.3500153310928852,0.0,0.0,0.0,0.0,0.0,0.0,0.0,0.0,0.5838920235878078,0.9680524171300692,0.059976969364284594,0.12327973535970696,0.566058293230316,0.24626810708188138,0.017685564916692025,0.08179202991075094,0.0,0.0,0.0,0.0
Bacteria ; Actinobacteria ; Coriobacteriia ; Eggerthellales ; Eggerthellaceae ; Slackia ; Slackia sp,0.0,0.047085713627082165,0.0,0.0,0.0,0.0,0.0,0.0,0.021664587134331063,0.6595068636280168,0.04324569349908334,0.12469396306283448,0.0,0.0,0.0,0.0,0.0,0.0,0.0,0.0,0.0,0.0,0.0,0.0,0.0
Bacteria ; Actinobacteria ; Unclassified ; Unclassified ; Unclassified ; Unclassified ; Unclassified,0.011526792043552486,0.4730355896433246,0.0,0.006494405224425887,0.024579728307151223,0.0,0.024543781924684725,0.0,0.15335606623185802,0.3597700689065727,0.5521666687820558,0.081351625050193,0.0927395120827961,0.0,0.0,0.0,0.0,0.0,0.0,0.03406529357951812,0.0,0.009235047464756806,0.026242180368995536,0.04807912901965053,0.0
Bacteria ; Bacteroidetes ; Bacteroidia ; Bacteroidales ; Bacteroidaceae ; Anaerorhabdus ; Anaerorhabdus furcosa,0.003574510424655649,0.0,0.0,0.0,0.0032666936077673644,0.0,0.005436527106265409,0.0025624587995979487,0.0,0.0,0.0027396701614862597,0.0,0.0,0.0,0.0,0.0,0.0,0.0,0.0,0.0,0.0,0.0,0.0,0.0,0.0
Bacteria ; Bacteroidetes ; Bacteroidia ; Bacteroidales ; Bacteroidaceae ; Bacteroides ; Bacteroides caccae,0.1200284855491509,0.30245646635640655,0.05819438298070465,0.19420869383150066,0.1700074465309654,0.03126796896019215,0.1784964071741622,0.0014708513509692225,0.29377180154165455,0.44922931290677415,0.5566900181325802,0.16572229929679877,0.03451596022421683,0.08915340575205333,0.038373248967358484,0.14394472647428302,0.12746659429670143,0.09022884072555852,0.1547970958801576,0.3840294096191439,0.09422441845716593,0.02054798060905988,0.0537177432153368,0.02852694988495872,0.01996880574573291
Bacteria ; Bacteroidetes ; Bacteroidia ; Bacteroidales ; Bacteroidaceae ; Bacteroides ; Bacteroides caecicola,0.0,0.0,0.0,0.0,0.0,0.0,0.0,0.0,0.0,0.0,0.0,0.0,0.094980628024958,0.0,0.0,0.0,0.0,0.0,0.0,0.0,0.0,0.0632912482895377,0.07390993838106286,0.15647694029728484,0.09629321637497544
Bacteria ; Bacteroidetes ; Bacteroidia ; Bacteroidales ; Bacteroidaceae ; Bacteroides ; Bacteroides clarus,0.041121952206033145,0.0,0.027462372603564288,0.057312441041812476,0.0,0.0,0.06451804278093287,0.0,0.0,0.0,0.001658829823515942,0.0,0.0,0.0357630884190197,0.014719312990873371,0.06868971777722993,0.03042490085304612,0.0,0.0,0.0,0.0,0.0,0.0,0.0,0.0
Bacteria ; Bacteroidetes ; Bacteroidia ; Bacteroidales ; Bacteroidaceae ; Bacteroides ; Bacteroides coprocola,0.10496919378910949,0.0,1.411889038565546,0.27070982789903847,0.002637246316259969,0.02591528470175146,0.4661099417239442,0.16291075089843624,0.0018282352012130713,0.0,0.0,0.0,0.12030879549872672,1.4888041252982736,0.3544901211977519,1.904030773475528,1.1109996053441547,0.0,0.0,0.0,0.0,0.11531145236296515,0.06159161531744861,0.1008072596146176,0.054164934210981966
Bacteria ; Bacteroidetes ; Bacteroidia ; Bacteroidales ; Bacteroidaceae ; Bacteroides ; Bacteroides eggerthii,0.0,0.0013848739302076169,0.06700011198430572,0.0,0.0,0.0,0.0,0.0,0.0,0.0,0.0,0.0,0.0,0.04237925977653835,0.027617110999189332,0.1727907926927096,0.08955226059153011,0.0,0.0,0.0,0.0,0.0,0.0,0.0,0.0
Bacteria ; Bacteroidetes ; Bacteroidia ; Bacteroidales ; Bacteroidaceae ; Bacteroides ; Bacteroides nordii,0.0,0.008863193153310195,0.0015314311310670374,0.001156004129952611,0.013750602292965255,0.0,0.0012482266236025447,0.0,0.007799251368361812,0.007646456389902008,0.011007994708824518,0.0,0.003001387845588673,0.0025113635423083588,0.00813978008399138,0.0,0.0018608261941131543,0.015321878613727975,0.03518115815449554,0.037392337252419874,0.014395397264330433,0.002465757673085265,0.002335554052837652,0.0,0.0
Bacteria ; Bacteroidetes ; Bacteroidia ; Bacteroidales ; Bacteroidaceae ; Bacteroides ; Bacteroides plebeius,0.0,0.15893911772815594,0.0,0.0,0.0,0.0,0.0,0.0,0.07130117284715258,0.2036635272629688,0.31683649629136273,0.19348185367037776,0.0,0.0,0.0,0.0,0.0,0.0,0.0,0.0,0.0,0.0,0.0,0.0,0.0
Bacteria ; Bacteroidetes ; Bacteroidia ; Bacteroidales ; Bacteroidaceae ; Bacteroides ; Bacteroides sp,0.5508177282334467,9.394937995709148,4.6702187762940035,0.7743276608832429,3.4574299206121877,0.28271219674694087,1.023071821240688,0.4577016334767632,5.677584417354048,3.02873879157238,11.427678654232002,3.857756608706025,1.26957439460284,6.813530623232801,3.3940282538227624,6.372477677291263,4.50386677466895,1.733857688883468,3.406783036478437,4.33024500853084,2.0058028600878095,0.6155724148711377,1.7516655396333685,0.9253203681039093,0.3039254641835842
Bacteria ; Bacteroidetes ; Bacteroidia ; Bacteroidales ; Bacteroidaceae ; Bacteroides ; Bacteroides stercoris,0.027698881280718894,0.0,0.24962327436408438,0.05548819823757163,0.0,0.002233426354302784,0.07988650391036252,0.03677128377417973,0.0,0.0,0.0,0.0,0.0,0.24360226360424028,0.04186172614616515,0.6477512691356923,0.15630940030563725,0.0,0.0,0.0010106037095225855,0.0,0.008219192243623953,0.0,0.024247907402209824,0.011410746140446869
Bacteria ; Bacteroidetes ; Bacteroidia ; Bacteroidales ; Bacteroidaceae ; Bacteroides ; Bacteroides thetaiotaomicron,0.013809983544510872,0.033023916797196115,0.05742866741508949,0.04557323973840555,0.022837538773273165,0.008590101362691756,0.08401525351142078,0.012728521306474202,0.027497360593591744,0.007352361913367315,0.03477800526142112,0.004641214506062606,0.14285451765046212,0.05312499801049958,0.07379470955261247,0.11094640853150066,0.09214668172760734,0.02291733980689538,0.08118728804897189,0.05927579450099688,0.010066711373649282,0.10590113083096131,0.02245725050805434,0.0013714879752432928,0.05760232426663168
Bacteria ; Bacteroidetes ; Bacteroidia ; Bacteroidales ; Bacteroidaceae ; Bacteroides ; Bacteroides uniformis,0.17440036361907368,1.5385949364547835,0.721686920517356,0.16617559368032758,1.331308312908137,0.09212883711487276,0.21219852601118047,0.13421518577653888,0.995487778823173,1.0800619650739398,1.8025591335670603,0.44648483548341295,0.018758674034929212,0.5540695815227871,0.39536074693718326,1.056737079276898,0.5628999237182779,0.4905129195095729,0.5101267932408927,1.6093864074139923,0.4907521794645056,0.03595896606592683,0.014597212830250077,0.03030988425276228,0.007131716337779293
Bacteria ; Bacteroidetes ; Bacteroidia ; Bacteroidales ; Porphyromonadaceae ; Barnesiella ; Barnesiella intestinihominis,0.041035379675046856,0.07866083923563494,0.00459429339321094,0.04739616932794177,0.05125224491013461,0.013400558125746469,0.12607088898385702,0.03088787837034351,0.03639650638572352,0.007646456389902008,0.10221709372518872,0.004826863086305111,0.0,0.0025113635423083588,0.0,0.004569673856338155,0.0009304130970565771,0.011065801221006364,0.0,0.15967538610499887,0.009160707350004104,0.0,0.0,0.0,0.0
Bacteria ; Bacteroidetes ; Bacteroidia ; Bacteroidales ; Porphyromonadaceae ; Barnesiella ; Barnesiella viscericola,0.0,0.0,0.0,0.0,0.01500065704690567,0.0,0.0,0.0,0.0,0.0,0.0,0.0,0.0,0.0,0.0,0.0,0.0,0.01447066313523602,0.0,0.07983769305249944,0.009160707350004104,0.0,0.0,0.0,0.0
Bacteria ; Bacteroidetes ; Bacteroidia ; Bacteroidales ; Porphyromonadaceae ; Butyricimonas ; Butyricimonas paravirosa,0.016414151870018743,0.03323697432489004,0.00765715565535484,0.003468012389848227,0.01125049278517925,0.0,0.01373049285962799,0.002941702701938445,0.011265585309835497,0.0,0.03774169614458017,0.0,0.01950902099627346,0.0025113635423083588,0.0,0.011424184640798097,0.0,0.0,0.0,0.010106037095225855,0.0,0.0016438384487267113,0.0,0.005705389976991744,0.0
Bacteria ; Bacteroidetes ; Bacteroidia ; Bacteroidales ; Porphyromonadaceae ; Butyricimonas ; Butyricimonas virosa,0.0,0.0,0.0,0.0,0.0025001095078144506,0.0,0.0,0.0,0.0,0.0,0.0,0.0,0.0,0.0,0.0,0.0,0.0,0.0,0.0,0.002021207419045171,0.0,0.0,0.0,0.0,0.0
Bacteria ; Bacteroidetes ; Bacteroidia ; Bacteroidales ; Porphyromonadaceae ; Coprobacter ; Coprobacter fastidiosus,0.002051768983757324,0.0,0.0,0.004624016519800838,0.0,0.0,0.011234039612422902,0.002941702701938445,0.0,0.0,0.007862853363456474,0.0,0.0,0.0,0.0,0.004569673856338155,0.0,0.0,0.0,0.002021207419045171,0.00261734495714403,0.0,0.0,0.0,0.0
Bacteria ; Bacteroidetes ; Bacteroidia ; Bacteroidales ; Porphyromonadaceae ; Coprobacter ; Coprobacter secundus,0.0,0.004431596576655097,0.0,0.0,0.0,0.0,0.006241133117992689,0.0014708513509692225,0.004332917426870596,0.0,0.009435424036122315,0.0,0.0,0.0,0.0,0.0,0.0,0.0,0.0,0.0,0.0,0.0,0.0,0.0,0.0
Bacteria ; Bacteroidetes ; Bacteroidia ; Bacteroidales ; Porphyromonadaceae ; Odoribacter ; Odoribacter splanchnicus,0.039753024060217204,0.12602352764811622,0.05742866741513674,0.023120082599028202,0.08437869588872585,0.0,0.05773048134149247,0.012869949321018825,0.05416146783588244,0.007168552865540945,0.18084562735938983,0.008044771810508517,0.037517348069858424,0.05179687306014624,0.0,0.12995010028948034,0.015119212827128024,0.04149675457888297,0.0,0.20212074190475102,0.022901768374962425,0.009246591274081749,0.008758327698155948,0.028526949884907837,0.0
Bacteria ; Bacteroidetes ; Bacteroidia ; Bacteroidales ; Porphyromonadaceae ; Paludibacter ; Paludibacter sp,0.5522678181264439,0.5834935492593868,0.12251449048562506,0.14064716914381806,0.4666871081254273,0.13772795851529931,0.35990534313706424,0.10786243240434187,0.14298627508667708,0.21664959771309852,0.30665128117435403,0.06972135569104213,0.0,0.018835226567296536,0.021318471648465113,0.049504800110345776,0.01240550796072679,0.10214585742499863,0.12899757989993485,0.39750412574604926,0.09378819429769297,0.0,0.0,0.0,0.0
Bacteria ; Bacteroidetes ; Bacteroidia ; Bacteroidales ; Porphyromonadaceae ; Parabacteroides ; Parabacteroides distasonis,0.06375139342381356,0.2247452549586919,0.15423699248612158,0.042111579019551294,0.22411695945022858,0.02392956808181554,0.10877403434250746,0.019961554048875285,0.1665078268327764,0.14473649595152904,0.30889781070708877,0.06665668071566917,0.07396277190911166,0.11839285270918257,0.2948593805935096,0.18441898063086412,0.13756822220726114,0.0729613267322458,0.10051759472729853,0.3067904118201917,0.06449885787245055,0.022309236089883097,0.07507138026986597,0.02648931060746894,0.0
Bacteria ; Bacteroidetes ; Bacteroidia ; Bacteroidales ; Porphyromonadaceae ; Parabacteroides ; Parabacteroides merdae,0.061553069512653304,0.07662969080465913,0.34329581188174535,0.0972970142706752,0.27501204585914707,0.04652971571464132,0.19451531551056178,0.07599398646672621,0.07293744335227494,0.1306269633271072,0.12580565381496422,0.020111929526271295,0.026262143648856793,0.33903407821214526,0.26357383129145545,0.25038004671131364,0.1752277999450488,0.08157481669390362,0.18176931713191394,0.23664970198062837,0.08288259030943339,0.010958922991479391,0.015570360352310027,0.0237724582374656,0.009508955117039055
Bacteria ; Bacteroidetes ; Bacteroidia ; Bacteroidales ; Porphyromonadaceae ; Tannerella ; Tannerella sp,0.0,0.0055394957208304675,0.0,0.03757013422331576,0.0,0.0,0.03432623214906998,0.01838564188711528,0.028163963274588748,0.0,0.055039973544122586,0.016089543621017034,0.0,0.0,0.0,0.0,0.0,0.010640193481782209,0.0,0.045477166928656686,0.006543362392860076,0.0,0.0,0.0,0.0
Bacteria ; Bacteroidetes ; Bacteroidia ; Bacteroidales ; Prevotellaceae ; Prevotella ; Prevotella bivia,0.0,0.0,0.0,0.002732870283564557,0.0,0.0,0.0,0.0,0.0,0.0,0.0,0.0,0.0,0.0,0.0,0.0,0.0,0.0,0.0,0.0,0.0,0.0,0.0,0.0,0.0
Bacteria ; Bacteroidetes ; Bacteroidia ; Bacteroidales ; Prevotellaceae ; Prevotella ; Prevotella copri,1.4165755025334987,0.0,0.0,3.541225984740486,0.002083424589845375,0.2382321444584954,2.463167203904013,5.364930302657723,0.002888611617909347,0.019116140974734182,0.005241902242302801,0.0,25.940745033777443,0.0,0.0,0.009520153867331748,0.0023260327426345502,0.0014186924642332636,0.15831521169534782,0.001684339515870976,0.0,26.961690289872777,1.0821400444829403,24.969401509691416,16.103415490728974
Bacteria ; Bacteroidetes ; Bacteroidia ; Bacteroidales ; Prevotellaceae ; Prevotella ; Prevotella corporis,0.0,0.0,0.0,0.002732870283564557,0.0,0.0,0.0029508903631147426,0.0,0.0,0.0,0.0,0.0,0.0,0.0,0.0,0.0,0.0,0.0,0.0,0.0,0.0,0.0,0.0,0.0,0.0
Bacteria ; Bacteroidetes ; Bacteroidia ; Bacteroidales ; Prevotellaceae ; Prevotella ; Prevotella sp,0.15157867787761126,0.0,0.0,0.25415693637128806,0.0,0.034319790314373044,0.24787479050144892,0.2920839562202616,0.0,0.0,0.0018588305823795661,0.0,1.839503070845312,0.0,0.0,0.0,0.001099779074534961,0.001006164868252605,0.0,0.0,0.0,0.7024203300403482,0.4085839241373065,1.5140189714396377,0.7822970167209435
Bacteria ; Bacteroidetes ; Bacteroidia ; Bacteroidales ; Rikenellaceae ; Alistipes ; Alistipes finegoldii,0.12054142779548128,0.4653176405493882,0.11868591265799021,0.12138043364468791,2.878251070864357,0.011167131771513917,0.16539002762683633,0.07721969592585877,0.2513092107575654,0.01433710573108189,0.5307426020335847,0.13273873487348564,0.04126908287671197,0.09417613283680572,0.005814128631405089,0.1685067234523867,0.05582478582335327,0.96825760684133,0.07036231630910897,3.165716120090282,0.43186191792847795,0.002054798060905988,0.011677770264188259,0.0249610811493516,0.0
Bacteria ; Bacteroidetes ; Bacteroidia ; Bacteroidales ; Rikenellaceae ; Alistipes ; Alistipes indistinctus,0.1051531604175255,0.0,0.0,0.06936024779696454,0.0,0.0,0.1747517273038554,0.03677128377423056,0.0043329174268749784,0.0,0.0,0.0,0.0,0.0,0.008721192947137952,0.0,0.0,0.0,0.0,0.0,0.0,0.0,0.0,0.0,0.0
Bacteria ; Bacteroidetes ; Bacteroidia ; Bacteroidales ; Rikenellaceae ; Alistipes ; Alistipes inops,0.0,0.0,0.0,0.0,0.020637696408834515,0.0,0.0,0.0,0.0,0.0,0.0,0.0,0.0,0.0,0.0,0.0,0.0,0.004015167351603576,0.0,0.030985491093874926,0.0,0.0,0.0,0.0,0.0
Bacteria ; Bacteroidetes ; Bacteroidia ; Bacteroidales ; Rikenellaceae ; Alistipes ; Alistipes massiliensis,0.026614927855189915,0.0,0.0,0.02453782351296379,0.005896484688241627,0.0,0.05299075288855102,0.01040696710591431,0.0,0.0,0.0,0.0,0.0,0.0,0.0,0.0,0.0,0.006022751027415658,0.0,0.014300995889492617,0.003086491694745319,0.0,0.0,0.0,0.0
Bacteria ; Bacteroidetes ; Bacteroidia ; Bacteroidales ; Rikenellaceae ; Alistipes ; Alistipes obesi,0.016936772271569932,0.031355636155556636,0.0758491833783666,0.002726424834793893,0.07075781625876536,0.0,0.017663584296215173,0.0,0.0,0.0,0.025962251671755938,0.0,0.00707874491884121,0.04442270416830458,0.005485027010759517,0.06466519608012307,0.03730429870262307,0.018068253082246973,0.0,0.0905729739667792,0.02469193355800767,0.003876977473412055,0.0,0.0,0.0
Bacteria ; Bacteroidetes ; Bacteroidia ; Bacteroidales ; Rikenellaceae ; Alistipes ; Alistipes onderdonkii,0.007694133689077512,0.05262520934781986,0.003828577827667594,0.0,0.00312513688475621,0.0,0.0062411331179876815,0.0036771283774230568,0.02383104584777951,0.00477903524370438,0.04717712018083885,0.044246244957749294,0.0,0.006278408855770897,0.0,0.0028560461601995243,0.0023260327426414427,0.0021280386963542595,0.0,0.0,0.0,0.0,0.0,0.0,0.0
Bacteria ; Bacteroidetes ; Bacteroidia ; Bacteroidales ; Rikenellaceae ; Alistipes ; Alistipes shahii,0.0,0.0,0.003611865875158107,0.0,0.0,0.0,0.0,0.0,0.0,0.0,0.0,0.0,0.0,0.0,0.0027425135053854794,0.002694383169999551,0.0,0.0,0.0,0.004766998629823517,0.003086491694745319,0.0,0.0,0.0,0.0
Bacteria ; Bacteroidetes ; Bacteroidia ; Bacteroidales ; Rikenellaceae ; Alistipes ; Alistipes sp,0.7645742911149074,0.7629871464517325,0.15531023263216945,0.3926051762092332,0.6427168310184046,0.05267514986563169,0.7242069561443969,0.20467035308300544,0.22686501621904326,0.06762785722208438,0.6342207194107732,0.10245699947336782,0.003539372459420605,0.07996086750290253,0.013712567526927396,0.5577373161925393,0.1141072666200292,0.132500522603268,0.08297442960965928,1.0606571951371666,0.09568124253696948,0.001938488736703762,0.0055083822000888015,0.010092081327237963,0.0
Bacteria ; Bacteroidetes ; Bacteroidia ; Bacteroidales ; Rikenellaceae ; Alistipes ; Candidatus Alistipes marseilloanorexicus,0.002419538895928492,0.01829078775743721,0.010835597625497498,0.0,0.0,0.0,0.002943930716043737,0.0,0.0020438289749368926,0.0,0.0,0.011384111052606392,0.0,0.0,0.008227540516167878,0.008083149510020959,0.0,0.0,0.0,0.0023834993149117584,0.0,0.0,0.0,0.006728054218150642,0.0
Bacteria ; Bacteroidetes ; Bacteroidia ; Bacteroidales ; Unclassified ; Unclassified ; Unclassified,0.0,0.1102021695123579,0.0,0.0,0.0,0.0,0.0,0.0,0.06436163817092445,0.02281767490361176,0.4796966242954638,0.03627615935768027,0.10946706333373421,0.0,0.0,0.0015151438515647344,0.0012339696247434708,0.0,0.0,0.0,0.0,0.06976502700158771,0.03407306973638963,0.12106928333144377,0.15890296349363528
Bacteria ; Firmicutes ; Bacilli ; Bacillales ; Bacillaceae ; Bacillus ; Bacillus sp,0.0009989138187718228,0.0,0.0,0.0,0.0,0.0,0.0030385263476108517,0.0,0.001687601724192413,0.0,0.0015312275293993313,0.0,0.0,0.0,0.0,0.0027809602338938486,0.0,0.0,0.0,0.0,0.0,0.0,0.0,0.0,0.0
Bacteria ; Firmicutes ; Bacilli ; Bacillales ; Unclassified ; Dehalobacterium ; Dehalobacterium sp,0.0,0.0011078991441660936,0.0,0.0,0.0,0.0,0.004992906494390145,0.002941702701938445,0.0,0.001911614097481752,0.0,0.0,0.0,0.0025113635423083588,0.0,0.0,0.0,0.0,0.0,0.0,0.0,0.0,0.0,0.0,0.0
Bacteria ; Firmicutes ; Bacilli ; Bacillales ; Unclassified ; Gemella ; Gemella sp,0.008976489303932068,0.004154621790611255,0.015314311310744073,0.0,0.00937541065430419,0.0,0.0,0.0,0.0,0.0,0.003931426681732782,0.0,0.011255204420957527,0.0,0.0,0.008568138480622219,0.0,0.0,0.0,0.0,0.0,0.0,0.0,0.00356586873561984,0.0
Bacteria ; Firmicutes ; Bacilli ; Lactobacillales ; Enterococcaceae ; Enterococcus ; Enterococcus casseliflavus,0.0,0.0,0.0,0.0023120082598956154,0.0,0.0,0.0,0.0,0.0,0.0,0.0,0.0,0.0,0.0,0.0,0.0,0.0018608261941131543,0.0,0.0,0.0,0.0,0.0,0.0,0.0,0.0
Bacteria ; Firmicutes ; Bacilli ; Lactobacillales ; Enterococcaceae ; Enterococcus ; Enterococcus faecalis,0.003866398838732418,0.0027836661913720946,0.0019239084561143685,0.0029045329898186125,0.014133784906004086,0.0,0.0,0.0,0.01741876352508149,0.0048030504961696025,0.003951182594706315,0.006063898349629535,0.003770587745714414,5.3681973206604825,0.010225854376873593,0.01148159260385283,0.003506582024072186,0.021387323581405982,0.06187640881446901,0.021583245052723812,0.003288121805457324,0.003097685518951337,0.008802339395131606,0.005375681510991076,0.0
Bacteria ; Firmicutes ; Bacilli ; Lactobacillales ; Enterococcaceae ; Enterococcus ; Enterococcus faecium,0.0,0.0,0.0,0.0,0.0,0.0,0.0,0.0,0.000722152904477702,0.0,0.0,0.0,0.0,0.06278408855778973,0.0,0.0,0.0,0.0,0.0,0.0,0.0,0.0,0.0,0.0,0.0
Bacteria ; Firmicutes ; Bacilli ; Lactobacillales ; Lactobacillaceae ; Lactobacillus ; Lactobacillus casei,0.2606928698492045,0.0,0.0,0.19742457363317054,0.00128606456162807,0.1424613518177636,0.17336480883265618,0.08928007171522047,0.0,0.0,0.0,0.0,0.0,0.0,0.0,0.0,0.0,0.0017514721780657575,0.0,0.0,0.0,0.03974300776237129,0.0,0.002934871387341432,0.0
Bacteria ; Firmicutes ; Bacilli ; Lactobacillales ; Lactobacillaceae ; Lactobacillus ; Lactobacillus delbrueckii,0.0,0.0,0.0,0.0,0.0,0.0,0.0,0.0,0.0,0.0,0.0,0.0,0.0,1.9292733939141378,0.0,0.0,0.0,0.0,0.0,0.0,0.0,0.0,0.0,0.0,0.0
Bacteria ; Firmicutes ; Bacilli ; Lactobacillales ; Lactobacillaceae ; Lactobacillus ; Lactobacillus fermentum,0.0,0.0,0.0,0.0035679139813253363,0.0,0.0,0.0,0.0,0.0,0.0,0.0,0.0,0.0,0.0,0.0,0.0,0.0019144302408571543,0.0,0.0,0.0,0.0,6.615942398575789,0.004805666775386115,0.12179716257488406,0.0
Bacteria ; Firmicutes ; Bacilli ; Lactobacillales ; Lactobacillaceae ; Lactobacillus ; Lactobacillus fuchuensis,0.07704688056280626,0.0,0.01102882501801293,0.024975397869227933,0.002572129123265895,0.05284856599678022,0.0,0.012105772435981599,0.0008915467956514839,0.0,0.0,0.0,0.0,0.005167414696117704,0.0047852910546668705,0.005876638189730416,0.0,0.0,0.0,0.0,0.0,0.37544458396779423,0.0,0.023478971098689575,0.0
Bacteria ; Firmicutes ; Bacilli ; Lactobacillales ; Lactobacillaceae ; Lactobacillus ; Lactobacillus gasseri,0.0,0.0,0.0,0.0,0.0011905283370499849,0.0,0.0,0.0,0.0,0.0,0.0,0.0,0.0,0.0,0.0033223592179573154,0.0,0.0,0.004053407040678937,0.0,0.11453508707925308,0.0,0.0015655604273587728,0.0,0.009508983294991086,0.0
Bacteria ; Firmicutes ; Bacilli ; Lactobacillales ; Lactobacillaceae ; Lactobacillus ; Lactobacillus reuteri,0.0,0.0,0.0,0.0,0.0,0.0,0.0,0.0,0.0,0.0,0.0,0.0,0.0,0.005167414696117704,0.0,0.0,0.0,0.0,0.0,0.0,0.0,0.0,0.0,0.0,0.0
Bacteria ; Firmicutes ; Bacilli ; Lactobacillales ; Lactobacillaceae ; Lactobacillus ; Lactobacillus ruminis,0.0021108734400795514,0.05471106884765105,0.0,0.0,0.0,0.0022977637389946333,0.0,0.0,6.535929558918908,0.00983340585121786,0.055007616122954,0.04965908525005258,0.004631771366649187,0.0,0.0,0.0,0.0,0.0,0.0,0.0,0.0,0.011838342737733924,0.004805666775386115,0.5972463273239239,0.008804588071322355
Bacteria ; Firmicutes ; Bacilli ; Lactobacillales ; Lactobacillaceae ; Lactobacillus ; Lactobacillus sp,0.0,0.0,0.0,0.0,0.0,0.0,0.0,0.0,0.0,0.0,0.0,0.0,0.38134917585417083,0.010334829392195526,0.0,0.0,0.0,0.0,0.0,0.0,0.002692741725456821,0.6528000423950138,13.244417632928965,0.3903378945163163,2.48582869880544
Bacteria ; Firmicutes ; Bacilli ; Lactobacillales ; Leuconostocaceae ; Leuconostoc ; Leuconostoc mesenteroides,0.007771852211189406,0.0,0.0038672503309897747,0.0,0.0031567039240081446,0.0,0.006304174866654223,0.0,0.0,0.0,0.0,0.0,0.0,0.0,0.0,0.004327342666980918,0.0,0.0,0.01776826169421944,0.003828044354264031,0.0,0.0,0.0,0.0,0.0
Bacteria ; Firmicutes ; Bacilli ; Lactobacillales ; Leuconostocaceae ; Weissella ; Weissella confusa,0.0,0.008001493818972187,0.0,0.0,0.0,0.0,0.0,0.0,0.0009628705393055508,0.005310039159657644,0.007862853363460515,0.0,0.0,0.0027904039359035603,0.0,0.0,0.0,0.0,0.0,0.0,0.0,0.0,0.0,0.0,0.0
Bacteria ; Firmicutes ; Bacilli ; Lactobacillales ; Leuconostocaceae ; Weissella ; Weissella viridescens,0.03847066844538756,0.0,0.0,0.0072250258122038185,0.0,0.03210550384304399,0.05929076462093306,0.01103138513225646,0.0,0.0,0.0,0.0,0.0,0.0,0.0,0.0,0.0,0.0,0.0,0.0,0.0,0.0,0.0,0.0,0.0
Bacteria ; Firmicutes ; Bacilli ; Lactobacillales ; Streptococcaceae ; Lactococcus ; Lactococcus lactis,0.029509367786687432,0.0,0.04275569147654078,0.004890034390646229,0.014806063075035252,0.034011568847171283,0.011616322216267337,0.0,0.0,0.0032345416200939116,0.0,0.0,0.02666207477041299,0.005311682619103712,0.14855049464374503,0.042526575651153094,0.003935757601755173,0.0,0.2381127455469001,0.008549946781070943,0.0,0.0,0.01778340649366773,0.007240342610395614,0.0
Bacteria ; Firmicutes ; Bacilli ; Lactobacillales ; Streptococcaceae ; Streptococcus ; Streptococcus anginosus,0.024364756682136904,0.0027697478604152338,0.001914288913833797,0.023120082599028202,0.0062502737695361256,0.008375348828620805,0.010921982956484702,0.0073542567548461136,0.003249688070150755,0.00238951762185219,0.001965713340866391,0.0,0.003751734806985842,0.007848011069725734,0.0,0.0028560461602113465,0.0,0.0010640193481771297,0.0,0.0063162731845278555,0.0,0.0,0.0029194425660470646,0.005348803103436121,0.0
Bacteria ; Firmicutes ; Bacilli ; Lactobacillales ; Streptococcaceae ; Streptococcus ; Streptococcus mutans,0.0,0.0,0.003062862262143902,0.0,0.0,0.0,0.0,0.0,0.0,0.0,0.0,0.0,0.00450208176838301,0.0,0.0,0.0,0.0,0.0,0.0,0.0,0.0,0.0,0.0,0.0,0.0
Bacteria ; Firmicutes ; Bacilli ; Lactobacillales ; Streptococcaceae ; Streptococcus ; Streptococcus sp,0.25750946759675036,0.04709692718111216,0.33015671145588954,0.02808107198257673,0.4074065088643758,0.09946433156809277,0.19203486516860838,0.01786459130729791,0.008771087908636056,0.019348320824714087,0.0382000973123281,0.003256992635833408,1.8971322971372016,11.013905089882543,0.06237830313066813,0.26132244218948353,0.01883427321976876,0.04566236878814977,0.1566772225507668,0.3099321092979574,0.022517643862049717,0.04076320039860206,0.39241090361528336,1.251663236354347,0.043310018245573526
Bacteria ; Firmicutes ; Bacilli ; Lactobacillales ; Streptococcaceae ; Streptococcus ; Streptococcus thermophilus,0.0,0.0,0.0,0.0,0.0,0.0,0.0,0.0,0.0,0.0,0.0,0.0,0.0,0.04111524383431192,0.0,0.0,0.0,0.0,0.0,0.0,0.0,0.0,0.0,0.0,0.0
Bacteria ; Firmicutes ; Bacilli ; Unclassified ; Unclassified ; Unclassified ; Unclassified,0.0,0.0,0.007494768993818826,0.0,0.0,0.0,0.0,0.0,0.0,0.0,0.0,0.0,0.0,0.004096841015192829,0.002845413685852513,0.018636516542977793,0.004553408305327236,0.0,0.0,0.0,0.0,0.0,0.0,0.0,0.0
Bacteria ; Firmicutes ; Clostridia ; Clostridiales ; Christensenellaceae ; Christensenella ; Christensenella minuta,0.01282355614847082,0.0,0.011485733483027349,0.0,0.0,0.0,0.0,0.0036771283774230568,0.0,0.0,0.0,0.0,0.0,0.0,0.005814128631405089,0.0,0.0,0.0,0.0,0.0,0.0,0.0,0.0,0.0,0.0
Bacteria ; Firmicutes ; Clostridia ; Clostridiales ; Clostridiaceae ; Clostridium ; Clostridium moniliforme,0.0,0.0,0.0,0.0,0.0,0.0,0.0,0.0,0.0,0.0010526509347366475,0.0,0.0,0.0,1.259139044757607,0.0,0.0,0.0,0.0,0.0,0.0,0.0,0.0,0.0,0.0,0.0
Bacteria ; Firmicutes ; Clostridia ; Clostridiales ; Clostridiaceae ; Clostridium ; Clostridium paraputrificum,0.0,0.0,0.0,0.0,0.0006883561420167865,0.0,0.0,0.0,0.0,0.0,0.0,0.0,0.0,0.0,0.0,0.0,0.0,0.0,0.0,0.0011129996800909533,0.0,0.0,0.0,0.0,0.0
Bacteria ; Firmicutes ; Clostridia ; Clostridiales ; Clostridiaceae ; Clostridium ; Clostridium perfringens,0.0,0.0,0.0,0.0,0.0,0.0,0.0,0.0,0.0,0.0,0.0,0.0,0.0,0.1272137278236374,0.0,0.0,0.0,0.005148480716993151,0.0,0.0005093768697190452,0.0,0.0,0.0,0.0,0.0
Bacteria ; Firmicutes ; Clostridia ; Clostridiales ; Clostridiaceae ; Clostridium ; Clostridium sp,0.1530917936664952,0.45389700619955176,0.5717567769087887,0.08657299651621135,0.4687705327150189,0.04427497178129403,0.2550066505261797,0.055075931644233196,0.16701774222499505,5.516943548937636,0.4373062718660264,0.5245049462377666,0.41897126589029826,0.1735551346697633,1.217253141886644,0.5491912550350134,0.21825769787740856,0.1040582798656589,1.623447716604931,0.6750343059750653,0.19745388718550946,0.07332098807650379,0.5414472776679675,0.30317738589196874,0.09425175776800827
Bacteria ; Firmicutes ; Clostridia ; Clostridiales ; Clostridiaceae ; Unclassified ; Unclassified,0.008445810855189365,0.0,0.037823491162521934,0.003172349423569618,0.02126876913891864,0.004903241172996393,0.01301663328668945,0.0024218189093894995,0.0,0.0,0.0,0.0,0.006589215906890612,0.00827013241156396,0.01531713360637607,0.04389093989345248,0.0045958934541672075,0.003737499356935852,0.007723635160165639,0.02773336195182373,0.0035913075701756725,0.0018044329843322849,0.0025637256342894094,0.002348541428512018,0.0
Bacteria ; Firmicutes ; Clostridia ; Clostridiales ; Clostridiales Family XIII Incertae Sedis ; Anaerovorax ; Anaerovorax sp,0.04426405168003115,0.10685321694988804,0.031095048346563778,0.029340206343852992,0.05552273653144238,0.0,0.026928746955765342,0.014932501025094053,0.02309422994012428,0.0388144994411904,0.07783027440981143,0.004083640512948487,0.019044339121755544,0.011154533500125175,0.013281004488011946,0.030445162113850045,0.0035421818415754575,0.0043208907540210175,0.0,0.03077980841195038,0.0,0.006258268205812353,0.0,0.028961370441530798,0.0
Bacteria ; Firmicutes ; Clostridia ; Clostridiales ; Clostridiales Family XIII Incertae Sedis ; Mogibacterium ; Mogibacterium sp,0.010258844918761714,0.0055394957208304675,0.011485733483027349,0.0,0.009375410654292336,0.0,0.0,0.0,0.0,0.0,0.0,0.0,0.0,0.0,0.0,0.005712092320422693,0.0,0.0,0.0,0.0,0.0,0.0,0.0,0.00713173747123968,0.0
Bacteria ; Firmicutes ; Clostridia ; Clostridiales ; Eubacteriaceae ; Alkalibacter ; Alkalibacter sp,0.012823556148421008,0.0027697478604152338,0.0,0.0028900103248695195,0.0,0.0,0.0062411331179876815,0.0055156925661345845,0.0021664587134374892,0.004779035243688754,0.0,0.0,0.0,0.0,0.0,0.0,0.0,0.0,0.0,0.0,0.0,0.0,0.0,0.0,0.0
Bacteria ; Firmicutes ; Clostridia ; Clostridiales ; Eubacteriaceae ; Anaerofustis ; Anaerofustis sp,0.004621101314757528,0.0,0.0,0.0,0.0,0.01257559884178177,0.0,0.0033127282679486993,0.0,0.05166524587765994,0.007083651678787569,0.030802054229381665,0.003379941267554812,0.0,0.0,0.0025730145587489605,0.0,0.0,0.0,0.0,0.004421190805986537,0.0,0.0,0.0,0.0032124848368375184
Bacteria ; Firmicutes ; Clostridia ; Clostridiales ; Eubacteriaceae ; Eubacterium ; Eubacterium coprostanoligenes,0.0,0.0,0.0,0.0,0.35076594133875943,0.0,0.0,0.0,0.0,0.0,0.0,0.0,0.0,0.0,0.0,0.0,0.0,0.02752197852098291,0.08124978788580713,0.5286414323490785,0.042312736027754684,0.0,0.0,0.0,0.0
Bacteria ; Firmicutes ; Clostridia ; Clostridiales ; Eubacteriaceae ; Eubacterium ; Eubacterium eligens,0.4774035222020281,0.5091730477793722,1.6605240555142813,0.16952947402269627,0.2179656672518148,0.2321112839339287,0.7278919687266532,0.6640910834058478,0.20513812298054382,0.2759258223844186,1.060486458258971,0.14863319742322945,0.3448476797181458,0.4741431168225827,0.32091841637647145,2.3956488808019145,0.5576032302209636,0.11401962530078297,0.1299996606172914,0.44111801639762344,0.463928927160526,0.08826615226991785,0.059332781942812406,0.413410185977038,0.2141161948984019
Bacteria ; Firmicutes ; Clostridia ; Clostridiales ; Eubacteriaceae ; Eubacterium ; Eubacterium hallii,0.014215489494877448,0.09594969493339245,0.07427264146068492,0.13348777482131768,0.07361754324394257,0.0077370427978021294,0.1008959164571335,0.3193072216888443,0.5163476656501437,0.07063701053024371,0.3541007865758165,0.2935505649102741,0.046788378655189575,1.3919797925097448,0.03088336224543683,0.531633534671267,0.20198344370239327,0.1857733550166346,0.03249991515432285,0.22055900819935195,0.19342965041196156,0.05979319992482241,0.032363335605195186,0.11364662483039589,0.6687013471442745
Bacteria ; Firmicutes ; Clostridia ; Clostridiales ; Eubacteriaceae ; Eubacterium ; Eubacterium ramulus,0.8896527175518637,0.26354182875059023,1.107016037009521,0.2189199507059848,0.3435485351381797,0.025790142659385496,0.5520448000447724,0.15795516817599564,0.053035709843920704,0.03752591184414235,0.16887883667450712,0.13376987768068685,1.4798990878390141,0.8583875387117315,0.2900350541304745,0.7783220482789225,0.7488428737271626,0.14645624284408987,0.4468738333722795,0.2812419099250602,0.397437484831276,0.2980169012123464,0.5097225357808021,0.8943495258394223,1.9006929916354138
Bacteria ; Firmicutes ; Clostridia ; Clostridiales ; Eubacteriaceae ; Eubacterium ; Eubacterium sp,1.025884491877293,0.0012793292657807087,0.019452358477779524,0.7969220156813364,2.0814999481920156,0.2940076263166702,0.6601475676766305,1.0224624864702636,0.0040026950825533675,0.0022074065790782357,0.016343113226592293,0.005573744903354631,6.616223322435934,0.2928957480061864,0.00402826464071037,0.09102410395121567,0.05049586092564606,0.9672009594512531,0.33312413033119653,1.6092638746358747,4.5229292475376335,1.4511714711909853,1.4779256593070937,4.769864137814169,1.9006929916354138
Bacteria ; Firmicutes ; Clostridia ; Clostridiales ; Lachnospiraceae ; Agathobacter ; Agathobacter rectalis,31.778038081080883,1.596022898719523,3.4562188872188013,10.206438657360112,25.36788445288156,24.275752083171085,37.34525193508009,14.564655105168685,0.18218848412823843,0.20444136142980118,1.7824384224296212,1.5236533081729846,5.732541045117398,0.7104817334053869,0.23065190365917598,2.5124852144312504,0.4354401331741355,15.07133804331594,6.8690085756988015,27.907073185303418,27.596959854351027,0.6761675520352285,0.7920388972606458,5.173443196685054,3.541086210855859
Bacteria ; Firmicutes ; Clostridia ; Clostridiales ; Lachnospiraceae ; Anaerostipes ; Anaerostipes hadrus,0.015958203206990342,0.16249187447734326,1.224294109782715,0.025046756148877174,0.11389387757818224,0.0,0.015949562412643534,0.02124563062513359,0.0775110784141139,0.05628641509233075,0.12842660493648805,0.17340952569335266,0.778693402163472,4.548358415523288,0.39729878981359057,1.005328248395571,0.2041739851869101,0.03357572165356664,0.03518115815452174,0.09656879891026861,0.033443852230141825,0.7936086733016471,0.10639746240733709,0.18384034370324823,0.1965184057521405
Bacteria ; Firmicutes ; Clostridia ; Clostridiales ; Lachnospiraceae ; Anaerostipes ; Anaerostipes sp,0.0,0.001953966744561012,0.006752341847755592,0.0,0.0,0.0,0.0,0.0025940940934201457,0.0,0.0,0.0,0.0014188310071443597,0.014556995723707925,0.025467972430842322,0.0,0.0030222710690025454,0.0008204701032244947,0.0,0.0,0.0008911849290322623,0.0,0.015220726377128827,0.0,0.002515604046292656,0.0025155965918092745
Bacteria ; Firmicutes ; Clostridia ; Clostridiales ; Lachnospiraceae ; Blautia ; Blautia hansenii,0.0,0.0011078991441660936,0.0,0.0,0.0,0.0,0.0,0.0,0.0,0.0,0.001572570672693113,0.0,0.0,0.0025113635423083588,0.2930320830231561,0.0022848369281690773,0.006512891679387768,0.0,0.03518115815449554,0.0,0.0,0.0,0.0,0.0,0.0
Bacteria ; Firmicutes ; Clostridia ; Clostridiales ; Lachnospiraceae ; Blautia ; Blautia hydrogenotrophica,0.0,0.002014362080301988,0.004176630357464491,0.0,0.0,0.0,0.0,0.0,0.002363409505564186,0.0,0.0,0.0014626857837288215,0.001364267202540306,0.0,0.0021142285932382143,0.0,0.0,0.0007738322532197309,0.0,0.0018374612900410644,0.0,0.0,0.0,0.0,0.0025933513955561063
Bacteria ; Firmicutes ; Clostridia ; Clostridiales ; Lachnospiraceae ; Blautia ; Blautia luti,0.011191467184148972,0.027193888084000944,0.01531431131068824,0.002101825690814196,0.009091307301126214,0.004060775189641425,0.006808508855995667,0.005348550367160809,0.002363409505564186,0.09384287387608145,0.01858492613176985,0.019014915188509257,0.02592107684821771,0.0011415288828674356,0.017970943042557898,0.007269935680533674,0.000845830088233252,0.0030953290128805096,0.012793148419837993,0.0018374612900410644,0.010707320279190788,0.0,0.019109078614104782,0.020746872643569336,0.0025933513955561063
Bacteria ; Firmicutes ; Clostridia ; Clostridiales ; Lachnospiraceae ; Blautia ; Blautia obeum,0.6696227865159222,0.5579782962428242,2.2275361906447504,0.3667685830472214,1.373923815886611,0.3695305422572419,0.3846807503638736,0.38910703921140183,0.36554067019361924,0.3753714955047804,0.5747031003832352,0.33056698712295574,0.5811778282820741,1.2853615221103711,1.0771994682580783,2.271335619049321,0.36624442820459197,0.6492452604513359,1.5543675330077977,1.1171764643466005,0.2998049678180379,0.2921549242958921,0.5180683535390487,0.554978843216266,0.40715616910208546
Bacteria ; Firmicutes ; Clostridia ; Clostridiales ; Lachnospiraceae ; Blautia ; Blautia sp,9.24881500541097,11.486899762888482,12.368394698590508,5.372266465730272,7.891254737384106,4.247570848362036,4.9702114648719204,6.067930391543772,7.070533437478791,3.8041120539775384,9.708479489307136,10.815098684892048,10.144690918100686,4.060418236365874,3.1301154322983162,7.2958997365342,0.7713970404698084,3.9883314330953032,6.076745499415008,5.509627678203349,2.955220397063268,1.6049840853938522,5.834638670188634,7.301602491013079,10.300791743169391
Bacteria ; Firmicutes ; Clostridia ; Clostridiales ; Lachnospiraceae ; Blautia ; Ruminococcus gnavus,0.0037304890613678956,0.009064629361333646,0.03062862262137648,0.0010509128454114643,0.0,0.0,0.005673757379993354,0.0,0.006302425348173818,0.001737830997710684,0.015725706726939393,0.014626857837288213,0.0,0.012556817711550603,0.00528557148310656,0.04673530080343691,0.021145752205831293,0.0,0.0,0.0,0.0,0.0,0.0,0.005186718160901585,0.007780054186659389
Bacteria ; Firmicutes ; Clostridia ; Clostridiales ; Lachnospiraceae ; Coprococcus ; Coprococcus sp,1.0762460942062457,1.4171037234936374,4.9186783509738214,0.6021730604193194,1.086411222483419,0.7512434100834507,0.7069501695476199,1.2408636851830823,0.8461006029879781,0.8689154988530691,0.9649865491519722,1.2871634896782507,1.0995993652445042,1.7122933243055587,2.110000136056633,4.8926667129974,1.5867772455264224,0.6469237636913363,2.181231805577609,0.633924145065273,1.2004095735222153,0.49763473038684025,1.6561201465550324,0.6755700404577415,0.6405577947016885
Bacteria ; Firmicutes ; Clostridia ; Clostridiales ; Lachnospiraceae ; Dorea ; Dorea sp,2.6861075612318697,0.4191551762087477,2.1159273460963286,0.908426578781308,2.1969712299943307,1.8295484218955218,2.5859094885532543,2.3766506412712247,0.14804134541762576,0.3791367959994849,0.4809445307311968,1.1423575970894835,3.105185841915679,1.996534016138278,12.407350499446313,2.0316008352942383,0.48148877772610316,0.9569080671286859,16.564461964390635,1.7626613033631944,1.1799863515155269,0.6726038986038286,21.413138074454686,2.9216351173877704,3.8867854040866447
Bacteria ; Firmicutes ; Clostridia ; Clostridiales ; Lachnospiraceae ; Eisenbergiella ; Eisenbergiella sp,0.0,0.0020254097699562955,0.013998456408291022,0.0,0.0,0.0,0.0,0.002688942140711559,0.0,0.0,0.0,0.0,0.0,0.0034433686594810137,0.002125823996857437,0.0041770327754462105,0.005102814060631802,0.0,0.0,0.0,0.0,0.0,0.0,0.0,0.0
Bacteria ; Firmicutes ; Clostridia ; Clostridiales ; Lachnospiraceae ; Fusicatenibacter ; Fusicatenibacter saccharivorans,4.168241833996809,3.8827105290023347,5.578384878713132,3.040058392931967,1.1003681243243704,2.43962019504988,3.559841924707425,8.22009612415938,1.2634375312319062,1.653004512077068,4.962078575989371,4.306232515754605,2.503442787114839,2.1865390987644195,2.498906108311892,6.1057776595011894,0.6446555096599864,0.9033465910277146,1.144834762618263,1.5085154091912767,4.75021792724652,0.3861668019401857,1.0781122455975523,2.8657328997766642,3.056077348394933
Bacteria ; Firmicutes ; Clostridia ; Clostridiales ; Lachnospiraceae ; Herbinix ; Herbinix sp,0.0,0.0,0.0,0.0,0.0,0.0,0.0,0.0,0.0,0.0,0.001965713340866391,0.0040223859052542586,0.0,0.0,0.0,0.0,0.0,0.0,0.0,0.0,0.0,0.0,0.0,0.0,0.0
Bacteria ; Firmicutes ; Clostridia ; Clostridiales ; Lachnospiraceae ; Hespellia ; Hespellia porcina,0.0,0.08709262010827333,0.0,0.0,0.0,0.0,0.0,0.0,0.022971591476965602,0.017473620635116566,0.1538071864511795,0.017648493916985745,0.0,0.0,0.0,0.0,0.0,0.0,0.0,0.0,0.0,0.0,0.0,0.0,0.0
Bacteria ; Firmicutes ; Clostridia ; Clostridiales ; Lachnospiraceae ; Lachnobacterium ; Lachnobacterium sp,0.0,0.0,0.0,0.0,0.0,0.0,0.0,0.0,0.0,0.0,0.0,0.0,0.010973995779117637,0.0,0.0,0.0,0.0,0.0,0.0,0.0,0.0,0.0,0.006404627201576561,0.016949284666617135,0.0
Bacteria ; Firmicutes ; Clostridia ; Clostridiales ; Lachnospiraceae ; Lachnoclostridium ; Clostridium asparagiforme,0.005129422459388329,0.003323697432489004,0.006125724524277978,0.001156004129952611,0.0,0.0,0.009985812988790307,0.0014708513509692225,0.0,0.01146968458485301,0.0,0.0016089543621017036,0.0,0.003767045313472229,0.032559120335892755,0.007996929248587041,0.003721652388218037,0.0,0.0,0.0010106037095225855,0.001308672478572015,0.0,0.0,0.0,0.0
Bacteria ; Firmicutes ; Clostridia ; Clostridiales ; Lachnospiraceae ; Lachnoclostridium ; Clostridium clostridioforme,0.006155306951262009,0.0022157982883321873,0.013782880179583684,0.0,0.001250054753902484,0.002233426354302784,0.014978719483230537,0.002941702701938445,0.0,0.013381298682334765,0.009435424036122315,0.003217908724203407,0.010504857459560358,0.005022727084626408,0.029070643157086087,0.021705950817573132,0.00279123929116146,0.0,0.0,0.0040424148380996975,0.00261734495714403,0.0,0.0,0.00998443245974064,0.0
Bacteria ; Firmicutes ; Clostridia ; Clostridiales ; Lachnospiraceae ; Lachnoclostridium ; Clostridium oroticum,0.0,0.0,0.003062862262143902,0.0,0.0,0.0,0.0,0.0,0.0,0.0,0.0,0.0,0.0,0.0025113635423083588,0.002325651452562036,0.0,0.0,0.0,0.0,0.0,0.0,0.0,0.002335554052837652,0.0,0.0
Bacteria ; Firmicutes ; Clostridia ; Clostridiales ; Lachnospiraceae ; Lachnoclostridium ; Clostridium saccharolyticum,0.029750650264446333,0.007755294009153378,0.013782880179583684,0.0023120082598956154,0.001250054753902484,0.008933705417199428,0.011234039612422902,0.01912106756256939,0.006932667882991199,0.013381298682334765,0.0,0.0,0.0,0.005022727084626408,0.02558216597827941,0.006854510784497774,0.0009304130970565771,0.0,0.04221738978546539,0.0010106037095225855,0.0,0.0,0.0,0.002852694988495872,0.0
Bacteria ; Firmicutes ; Clostridia ; Clostridiales ; Lachnospiraceae ; Lachnoclostridium ; Clostridium scindens,0.0,0.0,0.0015314311310670374,0.0,0.0,0.004466852708605568,0.0,0.0,0.0,0.0057348422924327555,0.0,0.0,0.0,0.0,0.06511824067190677,0.0,0.0018608261941131543,0.0,0.0,0.0,0.0,0.0,0.0,0.0014263474942530245,0.0
Bacteria ; Firmicutes ; Clostridia ; Clostridiales ; Lachnospiraceae ; Lachnoclostridium ; Clostridium symbiosum,0.0,0.0,0.0,0.0023120082598956154,0.001250054753902484,0.0,0.0,0.0,0.0,0.0,0.0,0.0,0.0,0.0,0.00813978008399138,0.0,0.0,0.0,0.007036231630910896,0.0,0.0,0.002465757673085265,0.0,0.0,0.0
Bacteria ; Firmicutes ; Clostridia ; Clostridiales ; Lachnospiraceae ; Lachnoclostridium ; Eubacterium contortum,0.006155306951262009,0.00553949572082119,0.006125724524277978,0.0,0.0,0.002233426354302784,0.0037446798707976166,0.0014708513509692225,0.0017331669707499916,0.0,0.001572570672693113,0.0,0.0,0.0,0.003488477178855181,0.009139347712666852,0.0009304130970565771,0.0,0.0,0.0,0.0,0.0008219192243623951,0.0,0.0,0.0
Bacteria ; Firmicutes ; Clostridia ; Clostridiales ; Lachnospiraceae ; Lachnospira ; Lachnospira sp,0.13028733046878435,0.034344873469083964,0.5972581411169308,0.08207629322642404,0.2862625386449585,0.07816992240048036,0.27585808381516064,0.2485738783137071,0.013865335765964866,0.015292912779829016,0.05818511488961791,0.0386149046904599,0.0,0.06403977032896975,0.211634282183121,0.6820238230582758,0.48753646285672,0.14981392422348652,0.07739854793996091,0.8933736792199116,2.7678422921789507,0.0008219192243623951,0.0,0.0,0.0
Bacteria ; Firmicutes ; Clostridia ; Clostridiales ; Lachnospiraceae ; Lachnotalea ; Lachnotalea glycerini,0.0,0.0,0.0,0.0,0.0034279380820081665,0.0,0.0,0.0,0.0,0.0,0.0,0.0,0.0,0.0,0.0,0.0,0.0,0.0,0.0,0.003695077548537201,0.0,0.0,0.0,0.0,0.0
Bacteria ; Firmicutes ; Clostridia ; Clostridiales ; Lachnospiraceae ; Oribacterium ; Oribacterium sinus,0.0,0.0,0.0,0.0,0.0,0.0,0.0,0.0,0.0,0.0,0.0,0.0,0.0013717494723897046,0.0,0.0,0.0,0.0,0.0,0.0,0.0027713081614050387,0.0,0.0,0.0,0.0,0.0
Bacteria ; Firmicutes ; Clostridia ; Clostridiales ; Lachnospiraceae ; Roseburia ; Roseburia sp,0.5529517411222152,2.4096806385568468,1.831591632760815,0.4820537221891438,1.5513179495934002,0.16080669750919172,0.4593473974847347,0.45596391880035736,0.5866770195975529,0.8086127632326935,1.8461979697383875,2.1399093015927932,0.8914121901399419,0.7848011069730578,0.6383913237302312,1.2543754735676893,0.34053119352181394,0.6409652553416229,0.6121521518890711,1.141982191758744,1.5272207824962012,0.21205515988539037,0.17049544585733742,0.6332982874460225,0.6789393953560976
Bacteria ; Firmicutes ; Clostridia ; Clostridiales ; Lachnospiraceae ; Sellimonas ; Sellimonas intestinalis,0.0,0.02215798288332187,0.0,0.0,0.0,0.008933705417199428,0.0,0.0,0.009532418339111804,2.4736286421348117,0.039314266817282374,0.11101785098484639,0.0,0.003767045313472229,0.009302605810272398,0.003427255392248887,0.003721652388218037,0.0,0.02110869489267374,0.0030318111285771126,0.00261734495714403,0.0,0.002335554052837652,0.0014263474942530245,0.0
Bacteria ; Firmicutes ; Clostridia ; Clostridiales ; Lachnospiraceae ; Syntrophococcus ; Syntrophococcus sp,0.0,0.0,0.0,0.0,0.0,0.0,0.0,0.0,0.0,0.0,0.0,0.0,0.0,0.0,0.0,0.0,0.0,0.0,0.0,0.0,0.0,0.0,0.0,0.003911373384596798,0.0
Bacteria ; Firmicutes ; Clostridia ; Clostridiales ; Lachnospiraceae ; Unclassified ; Unclassified,5.437937996702122,9.700700093171564,5.915747678156648,3.2524503765813146,5.7040889684638785,2.102768871047759,6.661011909109334,4.494566788202874,2.1173470351030765,3.707902298765587,10.316581094981212,3.834135303473106,9.082353256691412,1.6011664266576084,3.7297582024974694,5.808164074251101,1.5487040673980135,1.7133240253620785,4.225597972125534,4.942166221165193,5.121048337075517,2.761768801422047,2.9247797553821346,8.259516797135275,3.7914133656772973
Bacteria ; Firmicutes ; Clostridia ; Clostridiales ; Oscillospiraceae ; Oscillibacter ; Oscillibacter sp,0.030173073290548885,0.045619376524404356,0.024773150649642743,0.011900042514175674,0.06617936932444438,0.18392922917794519,0.03671254775286872,0.021630166926017977,0.012743874784900628,0.17991662093898103,0.09481676114755268,0.0378577496964827,0.1015175300713816,0.016619317559379298,0.17613389677540042,0.010080162918379081,0.020523818317424496,0.02628753683732117,0.1966005896862627,0.08768473362052086,0.0269432569117205,0.0012087047417094047,0.04808493638191694,0.033561117511656274,0.012585381772537249
Bacteria ; Firmicutes ; Clostridia ; Clostridiales ; Peptostreptococcaceae ; Intestinibacter ; Intestinibacter bartlettii,0.0,0.036608841285439904,0.040616216954480644,0.0,0.005435020669141236,0.0,0.0,0.0,0.004898080569493694,0.0,0.008888442932585578,0.0027981814993073106,0.0,0.01364871490387084,0.004044611221857564,0.00993407360073512,0.0,0.0007401873726434418,0.0,0.0013181787515552663,0.0,0.0,0.0,0.0,0.0
Bacteria ; Firmicutes ; Clostridia ; Clostridiales ; Ruminococcaceae ; Acetivibrio ; Acetivibrio sp,0.0,0.07420109741510969,0.0,0.0,0.010104368680537915,0.0,0.0,0.0,0.01601078033021347,0.05739257105583204,0.12166539846467818,0.0111474898066873,0.0,0.0,0.0,0.0,0.0,0.0029487834129610147,0.0,0.004667915517436141,0.003022338287695185,0.0,0.0,0.0,0.0
Bacteria ; Firmicutes ; Clostridia ; Clostridiales ; Ruminococcaceae ; Anaerotruncus ; Anaerotruncus colihominis,0.015388267378155024,0.001846498573610156,0.02041908174765877,0.003853347099826026,0.0083336983593815,0.0,0.008321510823983577,0.004902837836564075,0.0028886116179166524,0.006372046991585006,0.002620951121155188,0.0,0.0,0.0,0.0,0.003808061546948462,0.0,0.0,0.0,0.015159055642869968,0.0,0.0,0.0,0.0,0.0
Bacteria ; Firmicutes ; Clostridia ; Clostridiales ; Ruminococcaceae ; Anaerotruncus ; Anaerotruncus sp,0.0034196149729288734,0.016618487162445017,0.007657155655351566,0.003853347099826026,0.02291767048827542,0.0,0.004160755411991788,0.0,0.001444305808955404,0.019116140974755017,0.002620951121155188,0.002681590603502839,0.0,0.0,0.0,0.003808061546948462,0.0,0.005674769856947603,0.0,0.03873980886504804,0.019630087178516442,0.0,0.0,0.0,0.0
Bacteria ; Firmicutes ; Clostridia ; Clostridiales ; Ruminococcaceae ; Candidatus Soleaferrea ; Candidatus Soleaferrea massiliensis,0.0026037677458849284,0.008435780285516857,0.005830321564988502,0.0,0.011104547306276443,0.0,0.0,0.0,0.004398900940978701,0.021833155935689425,0.007982592247161626,0.0,0.0038088678243511087,0.0,0.0,0.0,0.0023614545610573024,0.0,0.0,0.0012824920171606415,0.0,0.0,0.0,0.0,0.0
Bacteria ; Firmicutes ; Clostridia ; Clostridiales ; Ruminococcaceae ; Caproiciproducens ; Caproiciproducens galactitolivorans,0.011968652405242756,0.0,0.0,0.003853347099826026,0.0,0.0,0.020803777060042414,0.0024514189182820376,0.0,0.0,0.0,0.0,0.005002313075981122,0.0,0.0,0.0,0.0,0.0014186924642361732,0.0,0.0,0.0,0.0,0.0,0.0,0.0
Bacteria ; Firmicutes ; Clostridia ; Clostridiales ; Ruminococcaceae ; Faecalibacterium ; Faecalibacterium prausnitzii,4.695131357827375,12.371540443143209,10.497960403459889,2.6568828253327905,5.470031260633173,1.2879425309825205,2.3737109625475,5.348996079693067,4.48673599551783,5.3445544141907,7.343905041467474,11.505364484356019,7.442191278789726,5.13259923960042,3.0892403461646776,6.666963753314666,4.6001174206885835,3.3750693724166876,4.67909403454877,4.29169708644511,6.638241147553022,4.395897984969397,2.5671631630808083,3.0725902271915597,2.2369816912815965
Bacteria ; Firmicutes ; Clostridia ; Clostridiales ; Ruminococcaceae ; Gemmiger ; Gemmiger formicilis,2.2795986615147137,0.215112397280262,2.9462558308434335,2.03327629963,2.523904966323683,2.049197023042862,1.294163897822691,2.9678345787324436,0.19685081710914454,0.2231833717861309,0.3592166511225616,6.864599702271667,1.6511442018589588,6.163676511210093,2.3315541212329025,3.4287051618760187,9.79649424653062,2.452105502910776,1.759057907734232,2.1571515728717263,6.853922993738478,3.0675944655437015,1.1825965318318499,0.32762550312096334,2.2626003609690293
Bacteria ; Firmicutes ; Clostridia ; Clostridiales ; Ruminococcaceae ; Hydrogenoanaerobacterium ; Hydrogenoanaerobacterium saccharovorans,0.0,0.0042178901427525435,0.0,0.0,0.0,0.0,0.0,0.003733125256267063,0.0,0.0,0.007982592247161626,0.0,0.0,0.0,0.0,0.0028995392489455296,0.0,0.0,0.0,0.0,0.0,0.0,0.0,0.0,0.0
Bacteria ; Firmicutes ; Clostridia ; Clostridiales ; Ruminococcaceae ; Oscillospira ; Oscillospira sp,0.03124521295054329,0.0351490845229771,0.07968106138815541,0.008802061903168087,0.023795458513492497,0.04251446105906314,0.017424483324401004,0.03173156467830874,0.013196702822991725,0.021833155935689425,0.013969536432518425,0.010209101282371215,0.0038088678243511087,0.019122057428768442,0.020659340314729713,0.04929216723206201,0.009445818244208216,0.0010802226885047003,0.017858455916017504,0.002564984034321283,0.006643007505441701,0.0,0.002963901082281284,0.005430256957803169,0.0
Bacteria ; Firmicutes ; Clostridia ; Clostridiales ; Ruminococcaceae ; Papillibacter ; Papillibacter sp,0.001301883872936143,0.012653670428257628,0.0,0.0,0.0,0.0,0.003168087877151107,0.0,0.0,0.0,0.007982592247161626,0.0,0.0,0.0,0.0,0.005799078497891059,0.0,0.0,0.0,0.0,0.0,0.0,0.0,0.0,0.0
Bacteria ; Firmicutes ; Clostridia ; Clostridiales ; Ruminococcaceae ; Ruminiclostridium ; Clostridium leptum,0.009469703001972208,0.0059656107762718295,0.0058901197348883395,0.0,0.009615805799249878,0.005154060817612804,0.0028805229775366284,0.0,0.001333205362115378,0.0,0.0024193394964509432,0.0024753144032333904,0.01385255928733234,0.0,0.0008944813279103411,0.002636350301729913,0.0007157023823512131,0.0013095622746768587,0.0,0.003886937344324834,0.0020133422747261767,0.0006322455572018424,0.0,0.0054859519009575145,0.0
Bacteria ; Firmicutes ; Clostridia ; Clostridiales ; Ruminococcaceae ; Ruminiclostridium ; Clostridium methylpentosum,0.010258844918790451,0.023010212994154643,0.03180664656834563,0.0,0.02307793391824347,0.0,0.012482266236025446,0.005657120580650856,0.0073326294916244645,0.016175196209374434,0.021774055468044503,0.009901257612962821,0.012698179346680607,0.028977271642094064,0.00894481327910341,0.023727152715561948,0.05510908344094161,0.007857373648088008,0.0,0.032650273692368906,0.009060040236238359,0.0,0.003593160081288695,0.009874713421728224,0.0
Bacteria ; Firmicutes ; Clostridia ; Clostridiales ; Ruminococcaceae ; Ruminococcus ; Ruminococcus bromii,2.5300876280923936,6.371804952877859,11.703962419209905,1.195019269334501,10.483271679947375,1.2981790684379078,2.0424108128659073,0.7869054727684324,3.4782494644137913,1.438489608350987,3.2394955857429033,0.8949808639191915,0.9885821216408355,3.8282597998187695,1.8808706122650944,8.77805787340017,1.2525686319111142,2.6877128734923943,1.5215850901832286,7.988822323796949,1.4428114076207192,0.2845895314353256,0.0846638344154829,0.4778264105732875,0.07488302154662119
Bacteria ; Firmicutes ; Clostridia ; Clostridiales ; Ruminococcaceae ; Ruminococcus ; Ruminococcus callidus,0.0,0.013848739302076167,2.6914902128526768,0.0028900103248695195,0.2953254356103627,0.0,0.0,0.0,0.0,0.0,0.003931426681732782,0.0,0.001875867403492921,0.6451065099319253,0.38518602183187567,2.7418043138043116,0.18724563578245004,0.21386788898332268,0.193496369850197,0.725108161584069,0.08833539230356317,0.0,0.0,0.0,0.0
Bacteria ; Firmicutes ; Clostridia ; Clostridiales ; Ruminococcaceae ; Ruminococcus ; Ruminococcus champanellensis,0.0,0.0,0.14931453527898703,0.0,0.0,0.0,0.0,0.0,0.0,0.00238951762185219,0.0,0.0,0.0,0.03453124870676416,0.02616357884135322,0.13994626185039147,0.011630163713207213,0.0,0.0,0.0,0.0,0.0,0.0,0.0,0.0
Bacteria ; Firmicutes ; Clostridia ; Clostridiales ; Ruminococcaceae ; Ruminococcus ; Ruminococcus flavefaciens,0.5501305587690173,0.0,0.0,0.09248033039587265,0.0,0.19821658894384528,0.7114891754509463,0.11031385132269168,0.0,0.0,0.0,0.0,0.42769776799665055,0.0,0.0,0.0,0.0,0.0,0.0,0.0,0.0,0.0,0.0,0.33162579241278506,0.01782929084438684
Bacteria ; Firmicutes ; Clostridia ; Clostridiales ; Ruminococcaceae ; Ruminococcus ; Ruminococcus lactaris,0.253906411739259,0.1675697455553883,0.001914288913833797,0.15317054721809653,0.001562568442378105,0.18425767422916026,0.21531909257018683,0.11031385132269168,0.1787328438583463,0.04779035243688754,0.24374845426725072,0.2051416811674442,1.8027085747568956,0.0015696022139427242,0.0,0.0014280230800997622,0.0,0.0010640193481771297,0.008795289538638621,0.0,0.0,0.15102765747682065,0.3474136653603089,1.636733749644329,0.24961007182166134
Bacteria ; Firmicutes ; Clostridia ; Clostridiales ; Ruminococcaceae ; Ruminococcus ; Ruminococcus sp,2.358251975704972,5.268060430505739,3.187291041542853,1.8539416234104673,0.6969055253025789,1.6862368974947386,1.761559822555335,1.4248872462542939,2.583502015771439,2.1577344125217928,4.7078834513687,3.7026062257829553,5.49066389002517,7.827606240950015,1.1802681121777798,3.3201536612443605,5.017252625874159,0.46284841645727515,0.4573550560086188,0.5583585495130295,0.2977229888749899,0.5085625200746162,2.052368123926306,5.473608509182116,3.137955188622889
Bacteria ; Firmicutes ; Clostridia ; Clostridiales ; Ruminococcaceae ; Sporobacter ; Sporobacter sp,0.0,0.0028119267618428767,0.0,0.0,0.0,0.0,0.0,0.0,0.0021994504704949134,0.009703624860281734,0.007982592247161626,0.0,0.0,0.0,0.004427001496009112,0.007248848122357822,0.0023614545610573024,0.0,0.0,0.0,0.0,0.0,0.0,0.003620171305197807,0.0
Bacteria ; Firmicutes ; Clostridia ; Clostridiales ; Ruminococcaceae ; Subdoligranulum ; Subdoligranulum sp,5.881911337951059,2.1553418629534953,1.9803658915690447,4.690031984071295,4.043641583388212,3.797958521269771,4.790148870261525,9.233885321375714,0.8830793639018221,1.0140287978992348,1.3211190169030285,3.407798008056501,0.5161015901991052,1.505862022518436,0.906059639515629,1.8933991295637236,5.773756401776497,2.7524074103125953,2.3573161809101215,3.131845505915239,6.623078482925279,0.4432939979109465,0.3615959320386762,0.6172392075362714,1.4589247127516534
Bacteria ; Firmicutes ; Clostridia ; Clostridiales ; Ruminococcaceae ; Unclassified ; Unclassified,0.013018838729361432,0.018277523951966922,0.015547524173344238,0.0,0.030140914117010267,0.0028342974039375426,0.0047521318157330164,0.011199375768801187,0.0,0.021833155935689425,0.011973888370713597,0.0020418202564742435,0.0,0.001593504785728654,0.004427001496009112,0.020296774742606705,0.0,0.0,0.02678768387395145,0.02564984034321283,0.0049822556290812755,0.0,0.0,0.0,0.0
Bacteria ; Firmicutes ; Clostridia ; Clostridiales ; Unclassified ; Fenollaria ; Fenollaria massiliensis,0.003847066844538756,0.0027697478604152338,0.0,0.0,0.0,0.0,0.0062411331179876815,0.0036771283774230568,0.0,0.0,0.0,0.0,0.0,0.0,0.0,0.0,0.0,0.0,0.0,0.0,0.0,0.0,0.0,0.0,0.0
Bacteria ; Firmicutes ; Clostridia ; Clostridiales ; Unclassified ; Intestinimonas ; Intestinimonas butyriciproducens,0.0,0.0,0.003828577827667594,0.0,0.0,0.011167131771513917,0.0031205665590063616,0.0036771283774230568,0.0,0.009558070487377508,0.0,0.0,0.0,0.006278408855770897,0.061048350630026296,0.008568138480622219,0.01628222919846942,0.0,0.017590579077277242,0.0,0.0,0.0,0.0,0.00713173747123968,0.0
Bacteria ; Firmicutes ; Clostridia ; Clostridiales ; Unclassified ; Intestinimonas ; Intestinimonas sp,0.0512942245939331,0.05262520934781986,0.030628622621488147,0.057800206497390386,0.08750383277345836,0.03350139531436617,0.09985812988795316,0.0404484121516282,0.017331669707477997,0.03345324670583691,0.08255996031618389,0.04022385905254259,0.018758674034929212,0.028252839850944803,0.01744238589424559,0.051408830883875184,0.023260327426414425,0.031920580445412086,0.035181158154554484,0.11621942659537801,0.013086724785720151,0.0,0.0,0.01426347494247936,0.0
Bacteria ; Firmicutes ; Clostridia ; Clostridiales ; Unclassified ; Unclassified ; Unclassified,4.525348342336198,3.838280029903637,3.6575550617694117,0.8083226847735584,2.0019912429323607,1.6665668735210981,3.2076889756220104,1.1834007062369942,0.7302175562030209,2.333721778891142,3.2948149500200428,0.8779827102844073,1.1369470455682016,0.8142809455088301,2.2784301032809156,3.7230083956382347,0.5573032764080958,0.5271486719900544,2.5359007400717926,2.3046381548422916,1.0495951858596428,0.14289712403234361,1.336719388110237,1.6616586290805373,0.9919239982488824
Bacteria ; Firmicutes ; Clostridia ; Thermoanaerobacterales ; Thermoanaerobacteraceae ; Thermoanaerobacter ; Thermoanaerobacter brockii,0.0,0.03323697432489004,0.0,0.0,0.0,0.0,0.0,0.0,0.0,0.0,0.0,0.0,0.02813801105232767,0.0,0.0,0.012852207720968796,0.0,0.0,0.0,0.0,0.0,0.0,0.0,0.0,0.0
Bacteria ; Firmicutes ; Clostridia ; Unclassified ; Unclassified ; Unclassified ; Unclassified,2.7534843912704994,5.0066355994476215,1.4225984618519567,0.7701804165275126,3.0188505034115476,0.8191119497375934,2.7166353546616193,1.026609445472797,0.35301180051402753,1.3196929809982525,6.645508045760467,0.8759408900269917,0.44373310153683704,0.48920596921964365,0.5135321735363799,2.6400304861654273,0.2810130927653571,0.4947419913356999,0.8482766560097094,3.846193559467886,0.8669124794595107,0.08344357607749806,0.12448384545587385,0.2570321626692639,0.0072403211551058805
Bacteria ; Firmicutes ; Erysipelotrichia ; Erysipelotrichales ; Erysipelotrichaceae ; Catenibacterium ; Catenibacterium mitsuokai,0.0,0.8732246242486608,0.0,0.0,0.0,0.0029660376551165785,0.0,0.0,0.9695837801133531,0.2982930364586814,0.6098149222126619,1.1890877855380348,0.0,0.0,0.0,0.0,0.0,0.0,0.0,0.0,0.0,0.0010915261943736463,0.0,0.0,0.0
Bacteria ; Firmicutes ; Erysipelotrichia ; Erysipelotrichales ; Erysipelotrichaceae ; Coprobacillus ; Coprobacillus sp,0.4761575430427641,0.05664557377198734,0.8135092329744529,0.2341177022805376,0.20004196261079957,0.21503772999579648,0.31910175968524435,0.3310880531067596,0.019564301794648797,0.039349294171113415,0.07831527254462867,0.024572344175549283,0.36371399855223663,0.21678436952235594,0.448606737696277,1.0961452062444361,0.247739476706091,0.05991290884831243,0.13549184415428756,0.21674966678371335,0.8350825045834489,0.748786969338038,0.297759879246736,0.5758428130828861,2.37723877926058
Bacteria ; Firmicutes ; Erysipelotrichia ; Erysipelotrichales ; Erysipelotrichaceae ; Erysipelatoclostridium ; Clostridium innocuum,0.0,0.0021638655159494013,0.002991076427874904,0.0,0.0,0.0,0.0,0.0,0.0,0.0,0.0,0.007856222471199725,0.0,0.004905006918580477,0.002271143996642613,0.0,0.0,0.0,0.0,0.0,0.0,0.0,0.0,0.0,0.0
Bacteria ; Firmicutes ; Erysipelotrichia ; Erysipelotrichales ; Erysipelotrichaceae ; Erysipelatoclostridium ; Clostridium spiroforme,0.02003680648200512,0.06275209996238769,0.011964305711518807,0.007902371982069783,0.02075286212540829,0.0,0.007313827872651595,0.01149102617946691,0.049083830226258195,0.005600431926203863,0.07832139092506539,0.16498067189510132,0.0,0.026977538052159494,0.004542287993297069,0.02008157456401374,0.0208979504221369,0.007481386041867887,0.0,0.022699106756864085,0.011502004206161978,0.0,0.0,0.0,0.0
Bacteria ; Firmicutes ; Erysipelotrichia ; Erysipelotrichales ; Erysipelotrichaceae ; Erysipelatoclostridium ; Erysipelatoclostridium ramosum,0.0,0.0,0.0,0.0,0.0,0.0,0.0,0.0,0.0,0.0,0.0,0.0,0.0,0.0,0.0,0.0,0.0,0.0,0.0,0.0,0.0,0.0,0.0,0.006792130924995017,0.03803582046815623
Bacteria ; Firmicutes ; Erysipelotrichia ; Erysipelotrichales ; Erysipelotrichaceae ; Holdemania ; Holdemania filiformis,0.0006811982017753523,0.0022069704066992055,0.004067546164859214,0.0030703960954852837,0.0,0.0,0.0033153429577623805,0.0,0.0023016825640711927,0.0,0.003132610901773073,0.0,0.001992953416725547,0.001667572073245922,0.0,0.0022757339921971364,0.0,0.0,0.0,0.0,0.0,0.0,0.0,0.0018942197798777372,0.0
Bacteria ; Firmicutes ; Erysipelotrichia ; Erysipelotrichales ; Erysipelotrichaceae ; Solobacterium ; Solobacterium moorei,0.0,0.0007356568022351219,0.0010168865412131722,0.0,0.0,0.0,0.0,0.0,0.0,0.0,0.003132610901773073,0.0,0.0,0.0,0.0,0.0015171559948001841,0.0,0.0,0.0,0.0020131547998520002,0.0,0.0,0.0,0.0028413296698199843,0.0
Bacteria ; Firmicutes ; Erysipelotrichia ; Erysipelotrichales ; Erysipelotrichaceae ; Turicibacter ; Turicibacter sp,0.0014421993793959724,0.0,0.004305804492231434,0.0,0.0017573403288270546,0.0,0.0,0.0,0.0,0.0,0.0007369122177568478,0.0,0.0,0.0011768338998633357,0.0,0.004282730886910428,0.0,0.0,0.0,0.0028414349846039686,0.0,0.0,0.0,0.0,0.0
Bacteria ; Firmicutes ; Erysipelotrichia ; Erysipelotrichales ; Unclassified ; Unclassified ; Unclassified,0.02085589351618445,0.0,0.006731565411316077,0.005081336834940698,0.0,0.004908629350109577,0.028119390971156042,0.0056571205806676145,0.0,0.0,0.0,0.0,0.0,0.0,0.0019167457026676817,0.01820337113102517,0.0005112159873937236,0.0,0.0,0.0,0.0,0.0,0.0,0.0,0.0
Bacteria ; Firmicutes ; Negativicutes ; Selenomonadales ; Acidaminococcaceae ; Acidaminococcus ; Acidaminococcus intestini,0.017098074864561347,0.0,0.0,0.2331274995391303,0.0,1.045988009263264,0.2683687240745471,0.5344093241855181,0.0,0.0,0.0,0.0,0.0,0.0,0.0,0.0,0.0,0.0,0.0,0.0,0.0,0.0,0.0,0.0,0.0
Bacteria ; Firmicutes ; Negativicutes ; Selenomonadales ; Acidaminococcaceae ; Phascolarctobacterium ; Phascolarctobacterium faecium,0.0,0.0,0.0,0.0,0.006250273769531385,0.0,0.0,0.0,0.0,0.0,0.0,0.0,0.0,0.0,0.0,0.0,0.0,0.007660939306872716,0.028144926523643584,0.016169659352380083,0.00785203487143209,0.0,0.0,0.0,0.0
Bacteria ; Firmicutes ; Negativicutes ; Selenomonadales ; Acidaminococcaceae ; Phascolarctobacterium ; Phascolarctobacterium sp,0.0,0.11854520842522469,0.0,0.0,0.0,0.0,0.0,0.0,0.4332917426870595,0.2943885710113648,0.8885024300708363,0.8575726749999607,0.8749045569885163,0.0,0.0,0.0,0.0,0.0,0.007036231630910896,0.0,0.0,0.5506858803229201,0.27559537823550384,1.727306815531691,0.27385790737072485
Bacteria ; Firmicutes ; Negativicutes ; Selenomonadales ; Acidaminococcaceae ; Phascolarctobacterium ; Phascolarctobacterium succinatutens,0.4072761432749771,0.0,0.0,0.4762737015394767,0.0,0.5382557513863153,0.4418722247542991,1.0546004186445566,0.0,0.0,0.0,0.0,0.0,0.0,0.0,0.0,0.0,0.0,0.0,0.0,0.0,0.0,0.0,0.0,0.0
Bacteria ; Firmicutes ; Negativicutes ; Selenomonadales ; Veillonellaceae ; Allisonella ; Allisonella histaminiformans,0.0,0.011673266844599708,0.0,0.0,0.0,0.0,0.0,0.0,0.41171016163305646,1.1462360392915723,0.2666139933589508,0.553270704975604,0.0,0.0,0.0,0.0,0.0,0.0,0.0,0.0,0.0,0.0,0.0,0.0,0.0
Bacteria ; Firmicutes ; Negativicutes ; Selenomonadales ; Veillonellaceae ; Dialister ; Dialister pneumosintes,0.0,0.0,0.0,0.0023120082598956154,0.0,0.0,0.0,0.0,0.0,0.0,0.0,0.0,0.0,0.0,0.05930411204044106,0.0,0.0,0.0,0.0,0.0,0.0,0.0,0.1775021080155671,0.0,0.0
Bacteria ; Firmicutes ; Negativicutes ; Selenomonadales ; Veillonellaceae ; Dialister ; Dialister sp,0.0,0.0022157982883321873,0.6294181948700461,0.0,0.5725250772889687,0.0,0.0,0.004412554052907667,0.0,0.0,0.0,0.0,0.0,0.223511355266006,1.1849194150838862,1.0430280577063986,0.44380704729494513,0.8231253677500728,0.32366665502225495,0.8610343605153387,1.0809634672993744,0.0,0.0,0.0,0.0
Bacteria ; Firmicutes ; Negativicutes ; Selenomonadales ; Veillonellaceae ; Megamonas ; Megamonas funiformis,2.242412518491928,0.2963630210638348,0.0,1.0192103079031274,0.0,1.0813505932063525,1.610212344442274,2.7247521276679176,1.6046237537487338,1.8160333926070393,0.27257891659959416,2.626617996128669,0.0,0.0,0.0,0.0,0.0,0.0,0.0,0.0,0.0,0.0,0.0,0.0,0.0
Bacteria ; Firmicutes ; Negativicutes ; Selenomonadales ; Veillonellaceae ; Megasphaera ; Megasphaera elsdenii,0.402293275743466,0.0,0.0,7.589167113101688,0.0,3.9435928198802577,1.1786825688561122,5.964302228183124,0.0,0.0,0.0011232647662093667,0.0,0.0010719242305673833,0.0,0.0,0.0,0.0,0.0,0.0,0.0,0.0,0.0,0.0,0.0,0.0
Bacteria ; Firmicutes ; Negativicutes ; Selenomonadales ; Veillonellaceae ; Veillonella ; Veillonella sp,0.0,0.0,0.015314311310744073,0.0,0.007812842211914231,0.0,0.0,0.0,0.0021664587134374892,0.0,0.003931426681732782,0.0,0.013131071824450447,0.0,0.0,0.007140115400522456,0.0011630163713207214,0.003192058044530298,0.0,0.017685564916738807,0.0,0.0030821970913565808,0.0,0.016046409310308363,0.0
Bacteria ; Firmicutes ; Tissierellia ; Tissierellales ; Peptoniphilaceae ; Anaerococcus ; Anaerococcus vaginalis,0.0,0.0,0.0,0.003853347099826026,0.0,0.0,0.0,0.0,0.0,0.0,0.0,0.0,0.0,0.0,0.0,0.0,0.0,0.0,0.0,0.0,0.0,0.0,0.0,0.0,0.0
Bacteria ; Firmicutes ; Tissierellia ; Tissierellales ; Peptoniphilaceae ; Parvimonas ; Parvimonas micra,0.0,0.0,0.0,0.0,0.0,0.0,0.0,0.0,0.0,0.0,0.0,0.0,0.007503469613971684,0.0,0.0,0.0,0.0,0.0,0.0,0.0,0.0,0.0,0.0,0.009508983294986239,0.0
Bacteria ; Firmicutes ; Tissierellia ; Tissierellales ; Tissierellaceae ; Soehngenia ; Soehngenia sp,0.0,0.0,0.00765715565534747,0.0,0.0,0.0,0.0,0.0,0.0,0.0,0.00589714002258781,0.0,0.0,0.0,0.0,0.0,0.0,0.0,0.0,0.0,0.0,0.0,0.0,0.005348803103436121,0.0
Bacteria ; Firmicutes ; Unclassified ; Unclassified ; Unclassified ; Unclassified ; Unclassified,0.49438901576610883,1.8728210000811456,1.334300102498825,0.22628165947979942,0.47342499190454307,0.11879927416491715,0.7356569675253258,0.23158085100336198,0.5642011628178868,0.7890492232138507,1.4320430806661464,1.2991450647193223,0.15645532386545477,0.6518858556637217,1.2791082989120355,1.6528607565474405,0.6265441387612123,0.19378735362508215,0.8757862774636261,0.5063769650918362,0.36614985304668624,0.08306630458983696,0.9342216211362159,0.06524781090709185,0.05766068528412076
Bacteria ; Fusobacteria ; Fusobacteriia ; Fusobacteriales ; Fusobacteriaceae ; Fusobacterium ; Fusobacterium nucleatum,0.004412406416671705,0.0,0.0,0.0,0.0,0.0,0.0,0.0,0.0,0.0,0.0,0.0,0.0,0.0,0.0,0.0,0.0,0.0,0.0,0.0,0.0,0.0,0.0,0.0,0.0
Bacteria ; Lentisphaerae ; Lentisphaeria ; Victivallales ; Unclassified ; Unclassified ; Unclassified,0.005207535491769857,0.0,0.0,0.0029340206343974897,0.012690911207179951,0.0,0.0,0.0,0.0,0.0,0.0,0.0,0.0,0.0,0.0,0.005799078497891059,0.0,0.006481336131025987,0.0,0.10516434540733882,0.01660751876360425,0.0,0.0,0.0,0.0
Bacteria ; Lentisphaerae ; Lentisphaeria ; Victivallales ; Victivallaceae ; Victivallis ; Victivallis vadensis,0.0,0.0,0.0,0.005868041268770598,0.0,0.0,0.0,0.0,0.0,0.0,0.0,0.0,0.0,0.0,0.0,0.0,0.0,0.0,0.0,0.0,0.0,0.0,0.0,0.0,0.0
Bacteria ; Proteobacteria ; Alphaproteobacteria ; Kopriimonadales ; Kopriimonadaceae ; Kopriimonas ; Kopriimonas sp,0.0,0.028326966754167647,0.0,0.0,0.0,0.0,0.007092196724986001,0.0,0.014771309409776159,0.0,0.17423368248560062,0.013712679222457702,0.0,0.0,0.0,0.0,0.0,0.0,0.0,0.0,0.0,0.0,0.0,0.0,0.0
Bacteria ; Proteobacteria ; Alphaproteobacteria ; Sphingomonadales ; Sphingomonadaceae ; Novosphingobium ; Novosphingobium sp,0.0,0.0,0.0,0.0,0.0,0.0,0.0,0.0,0.0,0.0,0.0,0.0,0.0,0.0,0.008160180535326664,0.0,0.0,0.0,0.0,0.0,0.0,0.0,0.0,0.0,0.0
Bacteria ; Proteobacteria ; Alphaproteobacteria ; Sphingomonadales ; Sphingomonadaceae ; Sphingomonas ; Sphingomonas sp,0.0,0.0,0.0,0.0,0.0,0.0,0.0,0.0,0.0,0.0,0.0,0.0,0.0,0.0,0.009180203102250477,0.0,0.0,0.0,0.0,0.0,0.0,0.0,0.0,0.0,0.0
Bacteria ; Proteobacteria ; Betaproteobacteria ; Burkholderiales ; Burkholderiaceae ; Burkholderia ; Burkholderia sp,0.0,0.0,0.0,0.0,0.0,0.0,0.00235514457282554,0.002775191228243817,0.0,0.0,0.0,0.0045536444210425575,0.0,0.0,0.012067059423659498,0.0010777532679998206,0.00351099281907362,0.0,0.0,0.002860199177902936,0.0,0.0,0.006610058640117696,0.0,0.0
Bacteria ; Proteobacteria ; Betaproteobacteria ; Burkholderiales ; Comamonadaceae ; Variovorax ; Variovorax sp,0.0,0.0,0.0,0.0,0.0,0.0,0.0,0.0,0.0,0.0,0.0,0.0,0.0,0.0,0.0,0.0,0.0,0.0,0.0,0.028467710127484627,0.0,0.0,0.0054825212507926095,0.0,0.0
Bacteria ; Proteobacteria ; Betaproteobacteria ; Burkholderiales ; Oxalobacteraceae ; Oxalobacter ; Oxalobacter sp,0.0,0.02653650644703651,0.0,0.0,0.0,0.013373810504807088,0.0074744109197457265,0.0,0.007783684000361091,0.02289358200569463,0.014124886281647452,0.009634457258094035,0.0,0.0,0.0,0.0,0.0,0.0,0.0,0.006051519218698118,0.0,0.0,0.0,0.0,0.0
Bacteria ; Proteobacteria ; Betaproteobacteria ; Burkholderiales ; Sutterellaceae ; Parasutterella ; Parasutterella excrementihominis,0.009724023619718697,0.058632893095538714,0.17298155745918892,0.0100442696915162,0.19155657366350096,0.0,0.014789414971515008,0.010456289224907716,0.025326689540902683,0.028689311099538532,0.06086568954333534,0.008896272144292169,0.0,0.19539439882940174,0.3288243365002814,0.1967197671174147,0.11244328898067969,0.09682071793811156,0.40572267697999387,0.24187434754058607,0.07029204466257541,0.0,0.0,0.0,0.0
Bacteria ; Proteobacteria ; Betaproteobacteria ; Burkholderiales ; Sutterellaceae ; Sutterella ; Sutterella sp,0.0,0.0,0.0,0.0,0.0,0.0,0.0,0.0,0.0,0.0,0.0,0.0,0.08179137493898604,0.0,0.0,0.0,0.0,0.0,0.0,0.0,0.0,0.20385674285141545,0.15127601290142714,0.23772458237504587,0.22533068997722885
Bacteria ; Proteobacteria ; Betaproteobacteria ; Burkholderiales ; Sutterellaceae ; Sutterella ; Sutterella stercoricanis,0.021879053144327722,0.0,0.0,0.5195626776786205,0.0,0.02116991805024486,0.24944813252009645,0.5541833289197076,0.0,0.0,0.0,0.0,0.0,0.0,0.0,0.0,0.0,0.0,0.0,0.0,0.0,0.0,0.0,0.0,0.0
Bacteria ; Proteobacteria ; Betaproteobacteria ; Burkholderiales ; Sutterellaceae ; Sutterella ; Sutterella wadsworthensis,0.0,0.0908477298214898,0.0,0.0,0.0,0.0,0.0,0.0,0.3769638161374438,0.0592600370216968,0.2893530037750237,0.5116474871483798,0.0,0.0,0.0,0.0,0.0,0.0,0.0,0.0,0.0,0.0,0.0,0.0,0.0
Bacteria ; Proteobacteria ; Betaproteobacteria ; Unclassified ; Unclassified ; Unclassified ; Unclassified,0.0,0.006247551564828954,0.36558600309425315,0.0,0.6626230086491258,0.0,0.0,0.0,0.0,0.0,0.0,0.0,0.0,1.4563076180525203,2.3781097560085733,0.9276781512858397,8.728743923682275,1.5152275529687238,2.155837886913653,1.6659764158902957,6.7450750681256,0.003089921896102841,0.0,0.0,0.0
Bacteria ; Proteobacteria ; Deltaproteobacteria ; Desulfovibrionales ; Desulfomicrobiaceae ; Desulfomicrobium ; Desulfomicrobium sp,0.0,0.011078991441637742,0.007657155655359754,0.008670030974620567,0.0,0.02233426354299857,0.0,0.0,0.0,0.01433710573108189,0.0,0.0040223859052542586,0.0,0.0,0.0,0.0,0.0,0.010640193481782209,0.035181158154554484,0.0,0.006543362392860076,0.0,0.03503331079262379,0.01426347494247936,0.0
Bacteria ; Proteobacteria ; Deltaproteobacteria ; Desulfovibrionales ; Desulfovibrionaceae ; Bilophila ; Bilophila sp,0.1266717131738675,0.07093256715691892,0.08871094966570832,0.0810612652099159,0.1276732751703231,0.07149688024434181,0.1712506038479101,0.017937211597216642,0.05812450206775491,0.13404611049368992,0.11506614678225661,0.004905348664944219,0.1189574450995511,0.042111278910688,0.10103821097282878,0.1010065105439589,0.012764813831543678,0.033737198844664654,0.1072596285199832,0.10783881046763431,0.01196956535279282,0.04510532328817437,0.042723549747102185,0.11523844084633623,0.0
Bacteria ; Proteobacteria ; Deltaproteobacteria ; Desulfovibrionales ; Desulfovibrionaceae ; Desulfovibrio ; Desulfovibrio sp,0.010437778260386124,0.0,0.0,0.0016802385609776323,0.0,0.0,0.012699980181958958,0.0,0.0,0.0,0.0,0.0,0.0,0.0,0.0,0.0,0.0,0.0,0.0,0.0,0.0,0.0,0.0,0.0,0.0
Bacteria ; Proteobacteria ; Deltaproteobacteria ; Desulfovibrionales ; Unclassified ; Unclassified ; Unclassified,0.004221746880159103,0.0,0.0,0.0,0.01028851649306358,0.0,0.0077051026148099114,0.0,0.0,0.0,0.0,0.0,0.0061756951555322495,0.00775112204418154,0.0,0.016454586931249057,0.0,0.005254416534206252,0.0,0.03535033551845299,0.0,0.0,0.0,0.0,0.0
Bacteria ; Proteobacteria ; Deltaproteobacteria ; Desulfuromonadales ; Desulfuromonadaceae ; Desulfuromonas ; Desulfuromonas thiophila,0.0,0.0044315965766643746,0.01531431131070968,0.0,0.0,0.026801116251492937,0.0,0.0,0.0,0.0,0.0,0.009653726172610223,0.0,0.0,0.0,0.0,0.0,0.0,0.04221738978534748,0.0,0.0,0.0,0.0,0.0,0.0
Bacteria ; Proteobacteria ; Epsilonproteobacteria ; Campylobacterales ; Campylobacteraceae ; Sulfurospirillum ; Sulfurospirillum deleyianum,0.008549037432313882,0.0,0.09954302351948845,0.003853347099826026,0.0,0.07072516788617678,0.0020803777060042408,0.0,0.0,0.0,0.0,0.016089543620985337,0.0,0.0,0.0,0.0,0.0,0.0,0.24626810708099722,0.005053018547628521,0.0,0.004109596121808774,0.0,0.002377245823755041,0.0
Bacteria ; Proteobacteria ; Gammaproteobacteria ; Enterobacteriales ; Enterobacteriaceae ; Enterobacter ; Enterobacter sp,0.005168183838173384,0.023023093046208462,0.07522142835213451,0.03712607722126689,0.0,24.839132772829945,0.020436959832220398,0.017598347398252768,0.011459857174318598,38.41044245732435,0.03366964916342021,0.004052781768518145,0.004725106809805846,0.0,31.296707519724034,0.0014388141865044567,0.0,0.0005360298983260101,23.638725283958713,0.007000403529479806,0.00906511162741211,0.005693395130977399,24.41154040874191,0.09161677859764193,0.0071856084007851815
Bacteria ; Proteobacteria ; Gammaproteobacteria ; Enterobacteriales ; Enterobacteriaceae ; Escherichia ; Escherichia coli,0.05151500317895017,0.0,0.004394350447832121,0.6443437654023896,0.019728267278285874,0.27877775154151485,0.07342509550603203,0.37668144354106625,0.015541310713309164,0.08090762679414337,0.0,0.0034625990576076836,0.015071531505825476,0.0063054321363691795,0.327826765013898,0.002458576321555873,0.004672088722659806,0.018929469035022687,0.1413303340501985,0.03334847248073975,0.008449104954885127,0.024174094834171562,0.03350866646825899,0.010232048021901181,0.0
Bacteria ; Proteobacteria ; Gammaproteobacteria ; Enterobacteriales ; Enterobacteriaceae ; Klebsiella ; Klebsiella sp,0.0,0.0,0.0,0.0,0.0,0.002802291536139001,0.0,0.0,0.0,0.0,0.0,0.0,0.0,0.0,0.0,0.0,0.0,0.0,0.0,0.0,0.0,0.0,0.0,0.0,0.0
Bacteria ; Proteobacteria ; Gammaproteobacteria ; Enterobacteriales ; Enterobacteriaceae ; Pantoea ; Pantoea sp,0.0,0.0,0.00563855350173405,0.0,0.0,1.560767017842428,0.0,0.0,0.0,0.8629009143982704,0.0011580049136179038,0.0,0.0,0.0,2.292256604755939,0.0,0.0,0.0,1.305692467587025,0.0,0.0009636763465184204,0.0006052424332565502,1.2451702019599675,0.009452965720358386,0.0
Bacteria ; Proteobacteria ; Gammaproteobacteria ; Enterobacteriales ; Enterobacteriaceae ; Salmonella ; Salmonella enterica,0.0007338229555605727,0.0,0.0,0.0,0.0,0.0335493229186611,0.0,0.0010521111237261965,0.0,0.17502618346031062,0.0,0.0,0.0,0.0,0.062383354414347815,0.0,0.0,0.0,0.040264558689046624,0.0,0.0,0.0,0.03842470902384607,0.0020405543551472614,0.0
Bacteria ; Proteobacteria ; Gammaproteobacteria ; Enterobacteriales ; Enterobacteriaceae ; Salmonella ; Salmonella sp,0.0,0.0,0.012032673172683618,0.0,0.0,1.7771692562059556,0.0,0.0,0.0,1.3039939022090257,0.0011232647662093667,0.0,0.0,0.0,2.3887762777096233,0.0,0.0,0.0,1.809316705089689,0.0,0.0,0.0,0.6873201926931,0.008150557109973667,0.0
Bacteria ; Proteobacteria ; Gammaproteobacteria ; Enterobacteriales ; Enterobacteriaceae ; Serratia ; Serratia sp,0.0,0.0,0.010970137042027487,0.0,0.0,0.5743553446949744,0.0,0.0,0.0,0.4231294814612097,0.0,0.0011525461046573808,0.0,0.0,0.8837808707686252,0.0,0.0,0.0,0.372980759804479,0.001447856317367601,0.0,0.0005887673526951254,0.22251338755575403,0.008173911141807402,0.0
Bacteria ; Proteobacteria ; Gammaproteobacteria ; Enterobacteriales ; Enterobacteriaceae ; Trabulsiella ; Trabulsiella sp,0.0,0.0,0.017259982009996996,0.0,0.0,2.1739293407636304,0.0,0.0,0.0,1.9919175585440874,0.0,0.0,0.0,0.0,3.4134177313534817,0.0,0.0,0.0,1.7878949226089897,0.0010354546204124852,0.0,0.0,0.8542958984257797,0.01022995129071787,0.0
Bacteria ; Proteobacteria ; Gammaproteobacteria ; Pasteurellales ; Pasteurellaceae ; Haemophilus ; Haemophilus sp,0.0,0.0,0.0,0.0,0.04479362868167953,0.0,0.0,0.0,0.0,0.0,0.0,0.0,0.04502081768383011,0.0,0.0,0.001904030773474231,0.0,0.004256077392707064,0.0,0.04379282741275453,0.003271681196430038,0.004109596121816778,0.0019462950440313766,0.054676653946179356,0.0
Bacteria ; Proteobacteria ; Gammaproteobacteria ; Pseudomonadales ; Moraxellaceae ; Acinetobacter ; Acinetobacter baumannii,0.0,0.0,0.007682764871590199,0.0,0.0,0.3753500812831707,0.0,0.0,0.0,0.9494136905519109,0.0,0.0,0.0,0.0,0.5055764027316886,0.0,0.0,0.0,0.07059764178171468,0.0,0.0,0.0,0.39056087840094506,0.00596299119669295,0.0
Bacteria ; Proteobacteria ; Gammaproteobacteria ; Pseudomonadales ; Moraxellaceae ; Acinetobacter ; Acinetobacter sp,0.0,0.0,0.0022857181060775386,0.0008626896492183664,0.0,0.055002290814849406,0.0,0.0,0.0,0.2624902939813002,0.0,0.0,0.0,0.0,0.36273220416918095,0.0,0.0,0.001270470863492475,0.015752757382592342,0.0,0.0,0.0,0.03137311414264817,0.0021288768570864717,0.0
Bacteria ; Proteobacteria ; Gammaproteobacteria ; Pseudomonadales ; Pseudomonadaceae ; Pseudomonas ; Pseudomonas aeruginosa,0.0,0.0,0.0,0.0,0.0,0.0,0.0015602832795031808,0.0,0.0,0.004779035243688754,0.007862853363454202,0.0020111929526271293,0.0,0.0,0.004360596473568976,0.011424184640833565,0.0023260327426414427,0.0,0.017590579077277242,0.007579527821431087,0.0,0.001027399030452994,0.008758327698155948,0.00713173747123968,0.0
Bacteria ; Proteobacteria ; Gammaproteobacteria ; Pseudomonadales ; Pseudomonadaceae ; Pseudomonas ; Pseudomonas stutzeri,0.0,0.0,0.0,0.0014378160820306106,0.0,0.008333680426488367,0.0,0.0,0.0,0.0,0.0,0.0,0.0,0.0,0.007231503272906986,0.0,0.0011572302202196233,0.0,0.01750306375848482,0.0,0.0,0.0010222875924905414,0.002904917976166234,0.0,0.0
Bacteria ; Proteobacteria ; Unclassified ; Unclassified ; Unclassified ; Unclassified ; Unclassified,0.07476081317326312,0.04261150554479341,0.052701071312103116,0.04680178663756307,0.0,0.0497321657839279,0.1010709816678167,0.03870661449912832,0.06841448568743755,0.042566305814143245,0.0350167558697031,0.04885488953750112,0.0,0.0,0.09650982748508276,0.0,0.04896911037126485,0.060308788965514164,0.19940737415536952,0.11047085083865277,0.03443874943614438,0.04825031883917353,0.12765173973008867,0.023098744846079218,0.0
Bacteria ; Spirochaetes ; Spirochaetia ; Unclassified ; Unclassified ; Unclassified ; Unclassified,0.859524844545237,0.0,0.2400621773028254,0.17183845174919316,0.165547791733698,0.5070481452997804,0.667969922898114,0.10335712196010934,0.0,0.0,0.0,0.0,0.008111859042131549,0.088237097432613,0.07228376136364405,0.3365503042846581,0.05029259984089605,0.03220815324212324,0.0,0.1529562371172353,0.01061085793436769,0.0,0.0,0.0,0.0
Bacteria ; Synergistetes ; Synergistia ; Synergistales ; Synergistaceae ; Dethiosulfovibrio ; Dethiosulfovibrio sp,0.0,0.0,0.0,0.0,0.0,0.0,0.005906435127441037,0.0,0.0,0.0,0.0,0.0,0.0,0.0,0.007336439913464036,0.0,0.0,0.0,0.0,0.00478203648040554,0.0,0.0,0.0,0.002249759454657767,0.0
Bacteria ; Synergistetes ; Synergistia ; Synergistales ; Synergistaceae ; Synergistes ; Synergistes sp,0.0,0.0,0.02415506515878608,0.0,0.0,0.0,0.0,0.0,0.0,0.0,0.0,0.0,0.0,0.009902853084827424,0.036682199567224544,0.027028828014655722,0.008805171265506612,0.0,0.04439262858618862,0.00478203648040554,0.004128304348807618,0.0,0.0,0.0,0.0
Bacteria ; Synergistetes ; Synergistia ; Synergistales ; Synergistaceae ; Thermanaerovibrio ; Thermanaerovibrio acidaminovorans,0.0,0.007385994294425163,0.0,0.0,0.0,0.0,0.0,0.0,0.0,0.0,0.0,0.0,0.0,0.0,0.0,0.0,0.0,0.0,0.0,0.0,0.0,0.0,0.0,0.0,0.0
Bacteria ; Tenericutes ; Unclassified ; Unclassified ; Unclassified ; Unclassified ; Unclassified,0.11150918389967408,0.024084764003577116,0.0166459905551121,0.04188420760697866,0.01811673556387283,0.0971054936652536,0.17185728875650916,0.026645857807413457,0.009419385710581901,0.0,0.05697719828598236,0.0,0.0,0.0,0.012639410068315874,0.04967036800374414,0.0,0.0,0.0,0.09886340636664497,0.0,0.0,0.0,0.0,0.0
Bacteria ; Thermotogae ; Thermotogae ; Thermotogales ; Thermotogaceae ; Thermotoga ; Thermotoga petrophila,0.0,0.04985546148733505,0.045942933932109395,0.05780020649763055,0.018750821308584673,0.0,0.0,0.0,0.0,0.0,0.0,0.0,0.022510408841915054,0.0,0.0,0.0,0.0,0.017024309570842805,0.0,0.0,0.0,0.0,0.0,0.0,0.0
Bacteria ; Thermotogae ; Unclassified ; Unclassified ; Unclassified ; Unclassified ; Unclassified,0.0,0.014326282036610526,0.0,0.0,0.0,0.0,0.0,0.0,0.0,0.0,0.0,0.0,0.016171270719766564,0.0,0.0,0.002462108758792694,0.0,0.0,0.0,0.0,0.0,0.0,0.0,0.0,0.0
Bacteria ; Unclassified ; Unclassified ; Unclassified ; Unclassified ; Unclassified ; Unclassified,1.359166763348823,8.80976654482734,2.8257625184958064,0.5545298999001991,2.0717912545703343,0.4251446105906314,1.165856338793743,0.4031775276771524,1.9751065225013837,2.149352906551595,8.301895937043476,3.577269089341136,1.0017322378028644,1.0070950245823784,0.8647409588864774,3.0387171328859854,0.8406778237358118,0.44505174766495115,0.9464981635493765,2.377740199820555,0.7805533818891569,0.1940063143800733,0.6876250510884191,0.47786261228564564,0.057922569240847044
Bacteria ; Verrucomicrobia ; Verrucomicrobiae ; Verrucomicrobiales ; Akkermansiaceae ; Akkermansia ; Akkermansia muciniphila,0.4513891764253494,0.03877647004570505,0.03828577827667593,0.24083419373932677,0.0,0.3610705939446022,0.4243970520231957,0.15198797293345243,0.0,0.006372046991585006,0.023588560090381544,0.0,0.025011565379905613,0.023020832471176103,0.029070643157126506,0.0647370462981081,0.010854819465646282,0.0028373849284665273,0.0,0.006737358063499497,0.0,0.0,0.007785180176125507,0.01426347494247936,0.0
No Hit ; No Hit ; No Hit ; No Hit ; No Hit ; No Hit ; No Hit,0.0,0.04431596576655097,0.09188586786421879,0.011560041299478078,0.05625246392589626,0.0,0.03744679870797617,0.0,0.05199500912258739,0.0,0.3852798148093127,0.03217908724203407,0.09004163536766022,0.03767045313467383,0.0,0.15993858497174082,0.023260327426373073,0.0,0.0,0.13137848223802967,0.0,0.049315153461897396,0.0,0.1497664868962114,0.028526865351117172
